period,official_delay_weeks,model,horizon,WIS,MAE,RMSE,Pearson,Spearman,coverage_50,coverage_80,coverage_95,width_50,width_80,width_95,n_total,n_countries,n_test_seasons,persistence_WIS,relative_WIS_vs_persistence,WIS_reduction_vs_persistence_pct
npi_2020_2021,0,bioepi_safe_lstm_common_scale,1,0.18201940381215073,0.2904190476985523,0.4149403308833878,0.8803508738721012,0.8337486302201251,0.45811965811965805,0.7745299145299145,0.9466666666666667,0.28440810299274694,0.548900639285874,1.2724950267098984,303.0,3,3,0.1759319148088386,1.0346013911684335,-3.4601391168433526
npi_2020_2021,0,bioepi_safe_lstm_common_scale,2,0.2821831430705648,0.4429178415748784,0.6078010513617225,0.7792049118153627,0.713263781784655,0.43367521367521367,0.7485470085470085,0.9288888888888889,0.4569394461562333,0.8602413638052658,1.6218444687351523,303.0,3,3,0.30355673810762374,0.9295894560921224,7.04105439078776
npi_2020_2021,0,bioepi_safe_lstm_common_scale,3,0.3348763733592135,0.5253642294041615,0.7060135587314955,0.740414989718866,0.6485181759669221,0.5052991452991453,0.7464957264957265,0.9066666666666667,0.6030777358383044,1.0834661501655063,1.8934814554774289,303.0,3,3,0.36596652605213875,0.9150464578596571,8.49535421403429
npi_2020_2021,0,bioepi_safe_lstm_common_scale,4,0.389541599034068,0.6140915203656093,0.8204500078889907,0.6424291167192815,0.533784708274071,0.4623931623931624,0.7811965811965812,0.8933333333333332,0.7373133824131773,1.3160134871881128,2.036242530689417,303.0,3,3,0.42234029391929684,0.9223405974815744,7.765940251842562
npi_2020_2021,0,bioepi_sgq_lstm_full_raw,1,0.18446334912218265,0.29579517153033,0.42543554494038704,0.8307322865549083,0.7695037483438668,0.5629059829059829,0.7923076923076923,0.9423931623931624,0.33423013799576995,0.6281806184052066,1.3873349374487927,303.0,3,3,0.1759319148088386,1.0484928179325168,-4.849281793251681
npi_2020_2021,0,bioepi_sgq_lstm_full_raw,2,0.3162908272945442,0.4965141126552278,0.6861135459592431,0.7460927895627081,0.6542622225545258,0.43726495726495723,0.763931623931624,0.9177777777777778,0.48647427823082917,0.893645465495277,1.5165108522905497,303.0,3,3,0.30355673810762374,1.0419496179406358,-4.194961794063579
npi_2020_2021,0,bioepi_sgq_lstm_full_raw,3,0.3749884965350577,0.5878909230401838,0.8072869022943492,0.6715419293563198,0.57944889450197,0.42495726495726494,0.6894017094017095,0.9066666666666667,0.6124229507933997,1.1262944638988133,1.8329385167426757,303.0,3,3,0.36596652605213875,1.0246524472613476,-2.465244726134763
npi_2020_2021,0,bioepi_sgq_lstm_full_raw,4,0.42225907589224115,0.6692512271825355,0.9211339256021402,0.5879796249259963,0.5307256242160615,0.36188034188034185,0.7504273504273504,0.9223931623931624,0.6982025181924286,1.2693041072301912,2.0119124247371776,303.0,3,3,0.42234029391929684,0.9998076952916285,0.01923047083715046
npi_2020_2021,0,bioepi_sgq_lstm_no_digital,1,0.17041840662698998,0.277643851007236,0.402474833481846,0.876357344350527,0.8372966492911087,0.4555555555555555,0.778974358974359,0.9466666666666667,0.27372249148422756,0.5384676118044626,1.2787658175434133,303.0,3,3,0.1759319148088386,0.9686611255960046,3.133887440399541
npi_2020_2021,0,bioepi_sgq_lstm_no_digital,2,0.2877976410571631,0.43616954027449645,0.6375930865781879,0.7908459980289257,0.7209464895201025,0.44478632478632485,0.7817094017094017,0.8999999999999999,0.43597458177696174,0.8416387636239379,1.542075340096155,303.0,3,3,0.30355673810762374,0.9480851680357911,5.191483196420887
npi_2020_2021,0,bioepi_sgq_lstm_no_digital,3,0.3430641634043107,0.5305363330968569,0.7367197137927545,0.7257724306694444,0.6464899947049498,0.49367521367521366,0.7442735042735042,0.8933333333333332,0.5635946796593452,1.0038170984617238,1.639341404519625,303.0,3,3,0.36596652605213875,0.9374195151264594,6.258048487354062
npi_2020_2021,0,bioepi_sgq_lstm_no_digital,4,0.37874435371670245,0.5862776247048768,0.8168260781022965,0.6604623722942397,0.5401586764873503,0.49572649572649574,0.7811965811965812,0.9088888888888889,0.6933082179775467,1.2160691760375453,1.7436032834554416,303.0,3,3,0.42234029391929684,0.8967753235240089,10.32246764759911
npi_2020_2021,0,gb_full_raw,1,0.38105194510270296,0.5706220006143691,0.7737202882337669,0.682192774872198,0.6558375993666511,0.3868376068376069,0.5923076923076923,0.7941880341880342,0.4938315819950119,0.8260696658153868,1.6295962312337637,303.0,3,3,0.1759319148088386,2.1659057455080877,-116.59057455080877
npi_2020_2021,0,gb_full_raw,2,0.4575905630909236,0.6713383855831387,0.9001895956012507,0.6388937696512708,0.5580376698919711,0.3627350427350427,0.6143589743589744,0.7429059829059829,0.5819554236823347,1.0390575103701072,1.7470831436336336,303.0,3,3,0.30355673810762374,1.5074300967375935,-50.74300967375935
npi_2020_2021,0,gb_full_raw,3,0.5103005134031551,0.7739263939990727,1.0009324499558911,0.6654708232208064,0.597303681743741,0.3784615384615384,0.6497435897435897,0.7868376068376068,0.5970638014587903,1.3051237030076435,2.5956657364544133,303.0,3,3,0.36596652605213875,1.3943912272743033,-39.43912272743033
npi_2020_2021,0,gb_full_raw,4,0.5493976739401523,0.9120435312543164,1.1367623210797182,0.5865592919655,0.48957216433056217,0.3629059829059829,0.6757264957264958,0.8,0.7884706775067253,2.125163504743269,3.592201759236413,303.0,3,3,0.42234029391929684,1.300841245436871,-30.084124543687096
npi_2020_2021,0,persistence,1,0.1759319148088386,0.257444904578792,0.37894496229481217,0.9192972846212665,0.8976138985296225,0.6458119658119659,0.8429059829059828,0.9555555555555555,0.22962901595869964,0.6145658044205828,1.743946325514117,303.0,3,3,0.1759319148088386,1.0,0.0
npi_2020_2021,0,persistence,2,0.30355673810762374,0.4283959111655417,0.6099709762970733,0.8331463781494676,0.8060056167732638,0.6046153846153846,0.8167521367521368,0.9288888888888889,0.38239569293788017,0.9792282593811659,2.393526132953898,303.0,3,3,0.30355673810762374,1.0,0.0
npi_2020_2021,0,persistence,3,0.36596652605213875,0.5333986831325915,0.7365131071632438,0.7308507045153839,0.7041202595535117,0.5958974358974358,0.8278632478632478,0.9288888888888889,0.49181288765930975,1.3439850666970825,3.0218223273572034,303.0,3,3,0.36596652605213875,1.0,0.0
npi_2020_2021,0,persistence,4,0.42234029391929684,0.6199052302934314,0.850837054120342,0.6440765407468738,0.6228377844957333,0.5852991452991453,0.8584615384615385,0.9422222222222223,0.6575230385312669,1.6913739571234203,3.5257328938027452,303.0,3,3,0.42234029391929684,1.0,0.0
npi_2020_2021,0,ridge_global_open,1,0.40463550162393197,0.6196021858237747,0.7594937019294856,0.6086683240882468,0.5976614596120685,0.37076923076923074,0.6206837606837606,0.8268376068376069,0.6219032430637228,1.214103584185234,2.450236383756747,303.0,3,3,0.1759319148088386,2.2999550824169375,-129.99550824169376
npi_2020_2021,0,ridge_global_open,2,0.6822841088867818,1.0134388155077532,1.2366604468628966,0.5546513647967326,0.5418606707079827,0.3041025641025641,0.5499145299145299,0.8066666666666666,0.8146761393459743,1.6299136430839458,3.3815947557133708,303.0,3,3,0.30355673810762374,2.247632891103485,-124.76328911034851
npi_2020_2021,0,ridge_global_open,3,0.8555128703396607,1.2416013992659147,1.5520395576647323,0.4909448889030099,0.4876777750168211,0.335042735042735,0.5246153846153846,0.8244444444444444,0.9466070828631855,2.0332880302272995,3.8444734351862433,303.0,3,3,0.36596652605213875,2.337680660492367,-133.76806604923667
npi_2020_2021,0,ridge_global_open,4,1.0961764452386045,1.5772630514081232,2.004582871917964,0.4364413146162295,0.39163983371450073,0.3239316239316239,0.5095726495726496,0.7107692307692308,1.2126856120587628,2.553999992557083,4.134495405252987,303.0,3,3,0.42234029391929684,2.595481560772101,-159.5481560772101
npi_2020_2021,0,ridge_google_wiki,1,0.40185651739375466,0.6176732208732302,0.7593314372148465,0.5971358111548406,0.58904750690848,0.3687179487179487,0.6384615384615384,0.8268376068376069,0.6167151633106297,1.2444217892989213,2.4484909366618144,303.0,3,3,0.1759319148088386,2.2841592887248328,-128.41592887248328
npi_2020_2021,0,ridge_google_wiki,2,0.6603061462689731,0.9796420678424741,1.2050196739137056,0.544552953087043,0.5312869711426864,0.3394871794871795,0.5907692307692307,0.8044444444444445,0.8414546791454872,1.6422922248713738,3.4640900630970672,303.0,3,3,0.30355673810762374,2.17523139293606,-117.52313929360598
npi_2020_2021,0,ridge_google_wiki,3,0.7946494825665406,1.1596121402462138,1.4557241073312548,0.4936805552324583,0.47604384509157466,0.3593162393162393,0.5892307692307692,0.8266666666666667,0.9604368762086811,2.1057463658211306,4.191258808235867,303.0,3,3,0.36596652605213875,2.1713720408771153,-117.13720408771154
npi_2020_2021,0,ridge_google_wiki,4,1.007579174203031,1.4516908254456822,1.8582215996241116,0.45296667871296176,0.3920371550361918,0.35914529914529914,0.6005128205128205,0.7767521367521367,1.2165688403561548,2.6311741690316293,4.916763740399372,303.0,3,3,0.42234029391929684,2.3857045816129605,-138.57045816129605
npi_2020_2021,0,ridge_no_digital,1,0.2818302523188468,0.4367392224118701,0.5975989326447492,0.7715440636783302,0.6814315251217075,0.3887179487179487,0.6663247863247863,0.8333333333333334,0.39081674825750645,0.9193034609286114,1.6692385540128318,303.0,3,3,0.1759319148088386,1.60192795391941,-60.192795391941004
npi_2020_2021,0,ridge_no_digital,2,0.4168593030352873,0.6235154968484883,0.8515580206886108,0.7106329709659991,0.6191627006673146,0.3543589743589744,0.6458119658119659,0.8155555555555556,0.5165576951932844,1.246487287983056,2.1452399628199994,303.0,3,3,0.30355673810762374,1.3732500409445465,-37.32500409445465
npi_2020_2021,0,ridge_no_digital,3,0.4967553061948265,0.7479261480654019,1.0028684246245674,0.6439269903090155,0.5347818450768417,0.30752136752136755,0.6471794871794871,0.8177777777777778,0.5509959358366141,1.495789637384307,2.556313333926521,303.0,3,3,0.36596652605213875,1.3573790793206437,-35.737907932064374
npi_2020_2021,0,ridge_no_digital,4,0.5406773852586845,0.8137541976089762,1.0875369414887186,0.6124251889253168,0.5186867454430679,0.3047863247863248,0.6403418803418803,0.82,0.6084517503216774,1.5712332467579893,2.8416776086712736,303.0,3,3,0.42234029391929684,1.2801937040892437,-28.01937040892437
npi_2020_2021,0,ridge_raw_cn_search,1,0.37831254645043133,0.5654414684882688,0.726515329214167,0.7186911877996434,0.6297498667265349,0.42495726495726494,0.6615384615384615,0.84,1.104400973105491,1.6849041278427173,2.36022192155498,303.0,3,3,0.1759319148088386,2.1503349569149655,-115.03349569149654
npi_2020_2021,0,ridge_raw_cn_search,2,0.4610329811206754,0.6520220142990009,0.8760209427453791,0.7154787370692168,0.6408474974977953,0.4365811965811966,0.6502564102564103,0.8133333333333334,0.9381944159726482,1.7335115394283882,2.4825107576550325,303.0,3,3,0.30355673810762374,1.5187703754980384,-51.87703754980384
npi_2020_2021,0,ridge_raw_cn_search,3,0.5438384581513924,0.8386400876397563,1.0966642442695218,0.633368017483114,0.5329575421409781,0.37897435897435894,0.6605128205128206,0.8266666666666667,1.0124906560607674,1.8460169116745737,2.904717372666661,303.0,3,3,0.36596652605213875,1.4860333375788377,-48.603333757883775
npi_2020_2021,0,ridge_raw_cn_search,4,0.5567832659652039,0.8750361787864667,1.1514406496985534,0.606186105497687,0.513992695079876,0.3158974358974359,0.6471794871794871,0.8112820512820513,0.8039074004653349,1.6900140059087165,2.806189539694398,303.0,3,3,0.42234029391929684,1.3183285468650954,-31.83285468650954
npi_2020_2021,0,ridge_social_raw,1,0.37161813077179384,0.5314685865879939,0.6831734769721804,0.7488718488021959,0.655866552376616,0.44803418803418804,0.6492307692307693,0.8577777777777778,1.3182609954543623,1.869731670413878,2.649367782425922,303.0,3,3,0.1759319148088386,2.1122837841876554,-111.22837841876554
npi_2020_2021,0,ridge_social_raw,2,0.49758753459788707,0.6912116566691502,0.8873284009122036,0.7502642468399777,0.6626402202785273,0.4454700854700855,0.584957264957265,0.7555555555555555,1.2630362936647388,1.923007912050466,2.7264115424342408,303.0,3,3,0.30355673810762374,1.6391912026063187,-63.91912026063187
npi_2020_2021,0,ridge_social_raw,3,0.5871694612100122,0.8774463837492871,1.110791170898701,0.6532839975229389,0.5486042248896795,0.4278632478632478,0.5827350427350427,0.7577777777777778,1.1831450427839014,2.122245571346341,3.1148422228752306,303.0,3,3,0.36596652605213875,1.6044348851904533,-60.44348851904533
npi_2020_2021,0,ridge_social_raw,4,0.6068997701092538,0.9084556536191012,1.1511608351169078,0.626099762528511,0.5288136137728178,0.41264957264957264,0.5892307692307692,0.7844444444444445,1.2972694361437762,2.2359507631011457,3.4327557768015096,303.0,3,3,0.42234029391929684,1.4369923468046446,-43.69923468046446
npi_2020_2021,0,seasonal_naive,1,0.5681682579727264,0.8993543742455802,1.2235872434621975,0.5524881782115414,0.47066006870802785,0.411965811965812,0.7644444444444445,0.9044444444444445,0.9377746334231696,2.280875923427027,4.550559150658783,303.0,3,3,0.1759319148088386,3.2294780545649036,-222.94780545649036
npi_2020_2021,0,seasonal_naive,2,0.5724517479541696,0.9048349538440301,1.2357678633997458,0.5462763807992336,0.46753569147166346,0.4164102564102564,0.7733333333333333,0.9044444444444445,0.9569709775970564,2.305038894240477,4.538898391775472,303.0,3,3,0.30355673810762374,1.8858146635875737,-88.58146635875737
npi_2020_2021,0,seasonal_naive,3,0.5847129297968183,0.9176075760622555,1.2664414496951157,0.5524028331029851,0.4679819630566324,0.4186324786324786,0.7666666666666667,0.8999999999999999,0.9564591080740684,2.2758455132813142,4.549159137623951,303.0,3,3,0.36596652605213875,1.597722436815205,-59.7722436815205
npi_2020_2021,0,seasonal_naive,4,0.5938802033842226,0.9280772483506967,1.286884880812881,0.5610345364078976,0.470109410325662,0.4186324786324786,0.7666666666666667,0.8977777777777778,0.952149993772514,2.2569310304302723,4.585060716861325,303.0,3,3,0.42234029391929684,1.4061651515015157,-40.616515150151564
post_covid_2023_2026,0,bioepi_safe_lstm_common_scale,1,0.15482647617116277,0.2508833281959311,0.4165648196561708,0.9375488948486465,0.9209459703024847,0.5599098926625059,0.8489854367467609,0.953954799555845,0.2984250313261255,0.7239370832112955,1.5620067660605825,499.0,3,4,0.19790722877319114,0.7823184485524757,21.768155144752434
post_covid_2023_2026,0,bioepi_safe_lstm_common_scale,2,0.2636157096088915,0.4087838206519907,0.6494244994233721,0.8432124859861635,0.8552382220556328,0.537564578278864,0.741029526029526,0.9233459794174079,0.4685816315153298,0.9951598340351531,3.539614810156801,499.0,3,4,0.3326065607660787,0.7925751945533382,20.742480544666176
post_covid_2023_2026,0,bioepi_safe_lstm_common_scale,3,0.35691812451743865,0.5336200815958586,0.8471801278903662,0.7047978865229569,0.7922068023211737,0.5440491010466093,0.7435168421464103,0.900036229458987,0.6013131279715995,1.3116752443791013,4.682095556006849,499.0,3,4,0.43994479337872766,0.8112793466115298,18.872065338847023
post_covid_2023_2026,0,bioepi_safe_lstm_common_scale,4,0.4271668321625511,0.6230567050196142,0.9966686084102591,0.6025402040051241,0.7092601092169039,0.569922830792396,0.7674553707162403,0.9186021018319156,0.6726779270436225,1.8994464545674212,4.9833681711906195,499.0,3,4,0.5351663457468475,0.7981944970146087,20.180550298539135
post_covid_2023_2026,0,bioepi_sgq_lstm_full_raw,1,0.16902426753187147,0.26664520247572393,0.42566681063858086,0.9339228160839709,0.9094587128966943,0.43552063499798693,0.7275350230489602,0.8999180987421406,0.25071618846829374,0.5574982864521458,1.1017302185666296,499.0,3,4,0.19790722877319114,0.8540580785231419,14.594192147685813
post_covid_2023_2026,0,bioepi_sgq_lstm_full_raw,2,0.28786008684513054,0.4393124745662001,0.6740278166246586,0.8353491371735781,0.842990572928899,0.4200162139447854,0.7006702820988536,0.885167451596023,0.347941582018374,0.9668425515028095,3.2754933048244532,499.0,3,4,0.3326065607660787,0.8654672541098243,13.453274589017571
post_covid_2023_2026,0,bioepi_sgq_lstm_full_raw,3,0.3782005332083063,0.5589983942887404,0.8736902816021009,0.6937688657188085,0.7822035191587577,0.44996168698411226,0.6891671566713095,0.9014748863170791,0.5111721254717213,1.0828889833417759,4.557195975544825,499.0,3,4,0.43994479337872766,0.8596545268868119,14.034547311318812
post_covid_2023_2026,0,bioepi_sgq_lstm_full_raw,4,0.47833013999873897,0.6940836029515771,1.0726071876719605,0.5579845965348563,0.6967831175636413,0.4379527046452512,0.7279899189837078,0.8977942347507565,0.5860080301690285,1.7297880448756133,5.029457469789603,499.0,3,4,0.5351663457468475,0.8937971227080971,10.620287729190292
post_covid_2023_2026,0,bioepi_sgq_lstm_no_digital,1,0.16467059114002927,0.2568438505883395,0.4246051756338634,0.9377099445927349,0.9187457432929397,0.552030721891349,0.8273903071376939,0.933004205434519,0.30252869595938453,0.7186555750710265,1.238733255423988,499.0,3,4,0.19790722877319114,0.8320595066729358,16.794049332706418
post_covid_2023_2026,0,bioepi_sgq_lstm_no_digital,2,0.2781963781645708,0.42549232493031774,0.6716001663299566,0.8391015936596301,0.83727739568585,0.535827862613577,0.721263775906633,0.9107269317983603,0.4840238565100731,0.9041670722997148,3.3392529644427373,499.0,3,4,0.3326065607660787,0.8364127800841115,16.358721991588855
post_covid_2023_2026,0,bioepi_sgq_lstm_no_digital,3,0.37790328895640307,0.5660217117988782,0.8782781695986551,0.6984125238726545,0.7633087671664529,0.518124455832097,0.7219355948591829,0.8887437428758026,0.5518890887291387,1.2479554454771504,4.619564530522188,499.0,3,4,0.43994479337872766,0.8589788869965873,14.102111300341269
post_covid_2023_2026,0,bioepi_sgq_lstm_no_digital,4,0.45886687378869245,0.6748122941143332,1.0473543067802058,0.5845669052224363,0.6983527019138601,0.5183147597743871,0.7354800996105344,0.8962232126052002,0.6143137047122705,1.8016112620672693,4.925816626522368,499.0,3,4,0.5351663457468475,0.8574284938420859,14.257150615791414
post_covid_2023_2026,0,gb_full_raw,1,0.2894061716476035,0.4441123824910167,0.6186788083539912,0.8771241056071597,0.8479353791490291,0.49148383556049063,0.7538419043209984,0.9314825708553931,0.5053332934306828,1.406583976081316,4.183353990182864,499.0,3,4,0.19790722877319114,1.4623324950867433,-46.233249508674334
post_covid_2023_2026,0,gb_full_raw,2,0.3686716555439145,0.593540759334442,0.8052012363569095,0.8004374794987411,0.8198414242075761,0.46873142730285583,0.7612361051646767,0.9365656962085533,0.6109628617652477,1.7017374173782358,4.583664275772109,499.0,3,4,0.3326065607660787,1.108431699888206,-10.8431699888206
post_covid_2023_2026,0,gb_full_raw,3,0.42537679625808167,0.6534622043953743,0.9324074294354214,0.6823328628863994,0.7134500969557132,0.4993266815318311,0.7348697583332134,0.9069188471181827,0.7719474032182218,1.6606660697900473,5.101657156829227,499.0,3,4,0.43994479337872766,0.96688676093024,3.3113239069760048
post_covid_2023_2026,0,gb_full_raw,4,0.47497300020413064,0.727310193308936,1.0563864284065034,0.6534563615900184,0.7234276986655711,0.549906098042744,0.7916295660860878,0.9209046646934845,0.9122273684147076,2.3245663956906646,5.425739008012871,499.0,3,4,0.5351663457468475,0.8875240455213705,11.247595447862945
post_covid_2023_2026,0,persistence,1,0.19790722877319114,0.28252809908510523,0.4573197909612265,0.9282590169615167,0.917400855160382,0.3968704785342416,0.719528294005646,0.9644322721413313,0.21504043949767834,0.7117291321321058,3.4152597386462578,499.0,3,4,0.19790722877319114,1.0,0.0
post_covid_2023_2026,0,persistence,2,0.3326065607660787,0.48074258632665606,0.7393479451183623,0.8106153474030386,0.8378573945754023,0.3953523857095285,0.7175543504114933,0.9706985871271585,0.3386601890068375,1.1366158736331622,5.162448006583837,499.0,3,4,0.3326065607660787,1.0,0.0
post_covid_2023_2026,0,persistence,3,0.43994479337872766,0.6460900974866601,0.9861085406974678,0.6420290248268724,0.741785001322732,0.4099713616947836,0.715165198865365,0.9724111021868497,0.4898590378155769,1.5634596119276274,5.829181885137889,499.0,3,4,0.43994479337872766,1.0,0.0
post_covid_2023_2026,0,persistence,4,0.5351663457468475,0.8011847633683726,1.2015304055736886,0.4984455949181417,0.6561247278446589,0.3697339151531698,0.7113309826819143,0.9730448123305266,0.4918447097629308,2.008652282699203,6.145573679835656,499.0,3,4,0.5351663457468475,1.0,0.0
post_covid_2023_2026,0,ridge_global_open,1,0.4645487672550457,0.7150009832874074,0.8743457287085179,0.8315189511293228,0.7766658778392589,0.3347889044753156,0.5424449969310596,0.8888365554306321,0.4486340624663256,0.9015288205292257,3.2038663518712966,499.0,3,4,0.19790722877319114,2.347305705479992,-134.7305705479992
post_covid_2023_2026,0,ridge_global_open,2,0.5333030158948957,0.8527403127757606,1.0688993728397171,0.7178599635117373,0.6581103254368358,0.4204777761920619,0.6239839921982779,0.9359144823430537,0.6614962143476983,1.4607580013205899,4.668307404608075,499.0,3,4,0.3326065607660787,1.6034049799455588,-60.340497994555875
post_covid_2023_2026,0,ridge_global_open,3,0.6330234218460665,1.0431624768268108,1.3043861640747838,0.5777706159269399,0.5762595183371745,0.44274313034695095,0.6350553746733149,0.8987779938776616,0.8678421129902557,1.9198214547390446,5.145944235037832,499.0,3,4,0.43994479337872766,1.438870129555384,-43.88701295553841
post_covid_2023_2026,0,ridge_global_open,4,0.7717066223357593,1.240055273379627,1.5298365323966925,0.5387883618229777,0.5344317993830748,0.40178054347309006,0.5762778887778888,0.9010150046640729,0.8459957693311697,2.0218928265471656,5.146819496885112,499.0,3,4,0.5351663457468475,1.4419939304270146,-44.19939304270146
post_covid_2023_2026,0,ridge_google_wiki,1,0.4585528421189795,0.701926020073706,0.8636630252111012,0.8322705031191728,0.7820774685437201,0.33216928251771455,0.5546401188822792,0.8925697560279442,0.4030032436345468,0.8949451183655853,3.20710212146643,499.0,3,4,0.19790722877319114,2.3170090600606494,-131.70090600606494
post_covid_2023_2026,0,ridge_google_wiki,2,0.5108524854258158,0.8171717780528729,1.0376206027688046,0.7232052650435682,0.6706339994378828,0.4269176854891141,0.6573325880468738,0.9359144823430537,0.6486832833597991,1.4761356871446571,4.608660037432675,499.0,3,4,0.3326065607660787,1.5359062197967197,-53.59062197967197
post_covid_2023_2026,0,ridge_google_wiki,3,0.5936273000656122,0.9894343630631212,1.252094199137301,0.5847740865474712,0.5927973551322171,0.40762337284347255,0.6599137527293674,0.9298838619851909,0.7828798628293178,1.9286497682562462,5.099074386590211,499.0,3,4,0.43994479337872766,1.3493222536096399,-34.93222536096398
post_covid_2023_2026,0,ridge_google_wiki,4,0.735093753896102,1.1931923787751002,1.4831013017458794,0.5464051904985219,0.5470516260017118,0.40830132600318936,0.599198420626992,0.9313180349671032,0.8245317576893747,2.017219869435475,5.076046543058488,499.0,3,4,0.5351663457468475,1.3735799340488184,-37.35799340488184
post_covid_2023_2026,0,ridge_no_digital,1,0.3186307248606229,0.5134017274235345,0.6641549970078536,0.8608731105618349,0.8103429039447532,0.37341919114567196,0.6469736709283748,0.9403339836702206,0.3892959739863941,0.9386905488050911,3.432735099968376,499.0,3,4,0.19790722877319114,1.6100004372542918,-61.00004372542918
post_covid_2023_2026,0,ridge_no_digital,2,0.5036339171042349,0.8397106539787234,1.0501742430629304,0.720960262069637,0.6724714445497205,0.36310491096205383,0.6976303854875283,0.9010035995750281,0.6967059126550218,1.6963792289397832,4.722221172054595,499.0,3,4,0.3326065607660787,1.5142031953435797,-51.42031953435797
post_covid_2023_2026,0,ridge_no_digital,3,0.5915647969909584,0.9999139189520303,1.2476446115908737,0.6006020710286099,0.5987087657666949,0.4538717096856632,0.6986309417787823,0.9441314614695013,0.9481779177196691,2.0036848640521905,5.069219865414266,499.0,3,4,0.43994479337872766,1.3446341584083898,-34.463415840838984
post_covid_2023_2026,0,ridge_no_digital,4,0.7270065402752138,1.1992486010842218,1.491674384814037,0.5297948513909787,0.5613575232459035,0.48207899760694795,0.6542273720068751,0.9345897373847684,1.0418749459160133,2.1558460582956056,5.050790289422232,499.0,3,4,0.5351663457468475,1.3584683455022664,-35.84683455022664
post_covid_2023_2026,0,ridge_raw_cn_search,1,0.2452481413281704,0.39718177500749086,0.5394672187606292,0.9109610616581727,0.8576014575758347,0.43103332497931807,0.7250480355881054,0.9403339836702206,0.3932816070270111,1.0649133418689105,3.423397535123101,499.0,3,4,0.19790722877319114,1.2392075966524378,-23.920759665243786
post_covid_2023_2026,0,ridge_raw_cn_search,2,0.379948021665667,0.6286557305519976,0.8259765892968476,0.8118372644804949,0.7707136466232108,0.40804247339961625,0.7572510426081854,0.9050620411334697,0.6383866568849218,1.6128614336560758,4.491419977934952,499.0,3,4,0.3326065607660787,1.1423347176031307,-14.233471760313066
post_covid_2023_2026,0,ridge_raw_cn_search,3,0.40821728521007433,0.6586140018852933,0.9367135092675807,0.6963445302226158,0.7123840150016432,0.6029451814335535,0.8183681167485154,0.9477798641004621,1.1135904434952844,2.064499345524701,5.261065599262633,499.0,3,4,0.43994479337872766,0.9278829783960175,7.211702160398248
post_covid_2023_2026,0,ridge_raw_cn_search,4,0.47455588071442883,0.7555059041077193,1.0906899689053111,0.5899803704542296,0.6424345629406067,0.6377937538651824,0.8033481787363774,0.945788683366323,1.247592558965392,2.2997669475660123,5.205363132522556,499.0,3,4,0.5351663457468475,0.88674462526631,11.325537473368996
post_covid_2023_2026,0,ridge_social_raw,1,0.2737946279726178,0.47105423467209157,0.6252240157138514,0.8982561025094649,0.8571912275018271,0.4570594910316165,0.7456326339166061,0.9350963351398892,0.7431105799913592,1.494267389898239,3.1899126623990504,499.0,3,4,0.19790722877319114,1.3834493548813032,-38.34493548813032
post_covid_2023_2026,0,ridge_social_raw,2,0.4420590672426928,0.7652896132250305,0.9698189615803366,0.8010010585618054,0.7483091988634242,0.42176022390308104,0.7530414823271966,0.9013772338772338,1.015782886149564,2.136421955799817,4.789362958151647,499.0,3,4,0.3326065607660787,1.3290750074938893,-32.90750074938893
post_covid_2023_2026,0,ridge_social_raw,3,0.5286132385700443,0.8744643343983953,1.1385543786149372,0.6515017304162402,0.6233695201850888,0.5340536862546829,0.7508907320992039,0.9110462488784749,1.200502734142475,2.392447794691059,5.310659416008453,499.0,3,4,0.43994479337872766,1.2015444813208327,-20.154448132083267
post_covid_2023_2026,0,ridge_social_raw,4,0.5819548368140824,0.9283752412465144,1.2477716904978353,0.5493656704228429,0.5791993962748827,0.5993102394499911,0.7289938322547017,0.9094458853775623,1.318164887670436,2.543477527614994,5.303102001734141,499.0,3,4,0.5351663457468475,1.0874279398154971,-8.742793981549713
post_covid_2023_2026,0,seasonal_naive,1,0.6659828638917015,1.0254466206068933,1.4110229962213028,0.39182500066603315,0.46642995539467064,0.41675593570192876,0.6815447183478542,0.9329443785018698,0.8981926723643303,2.8258065939305212,5.836835159398301,499.0,3,4,0.19790722877319114,3.365126519228572,-236.51265192285723
post_covid_2023_2026,0,seasonal_naive,2,0.6697979824118018,1.02960327885678,1.4178690592929433,0.36745893300882654,0.4637689710575812,0.4155766852195424,0.6764484325198611,0.9320155241583813,0.885443768490742,2.8135411023964743,5.841428936910309,499.0,3,4,0.3326065607660787,2.0137846375281483,-101.37846375281482
post_covid_2023_2026,0,seasonal_naive,3,0.674376019426382,1.0325417690140768,1.423017288240789,0.35150545803275673,0.46166988358376887,0.4150176834977499,0.6747954887489772,0.9292960177511672,0.8856585074678146,2.8072260443242967,5.847586796605661,499.0,3,4,0.43994479337872766,1.5328650993849668,-53.286509938496685
post_covid_2023_2026,0,seasonal_naive,4,0.6852337492055084,1.0434574953728493,1.4431563197882304,0.3386498859987314,0.4537401992813479,0.41369215670457904,0.6695782219850543,0.9300988866206258,0.8754960727823637,2.7997427016160437,5.8568791470182475,499.0,3,4,0.5351663457468475,1.2804126317943918,-28.04126317943918
post_covid_2023_2026,1,bioepi_safe_lstm_common_scale,1,0.2464535181549372,0.4147853967784186,0.6721030804534687,0.8822399874921709,0.8144902300762901,0.6008368325441497,0.803664492688883,0.9232332707942463,0.569873241655555,1.003085333953656,2.0309386110475414,196.0,3,2,0.3395067610706921,0.725916377564041,27.408362243595896
post_covid_2023_2026,1,bioepi_safe_lstm_common_scale,2,0.31740900265402683,0.541342755304035,0.8531631779336118,0.803932786949613,0.6717889792857462,0.4938888888888889,0.771904761904762,0.9415873015873015,0.7355267860420089,1.268843982947214,2.6861638231866642,196.0,3,2,0.43850538452765725,0.7238428850672581,27.615711493274187
post_covid_2023_2026,1,bioepi_safe_lstm_common_scale,3,0.36617021073085504,0.6294787340189781,0.980187329841379,0.7706655819663107,0.6852553236204705,0.5455086359309126,0.7407945736434108,0.9357235142118863,0.8048750101140484,1.4302837042992316,3.344068252239879,196.0,3,2,0.5169018695688172,0.7083940536649681,29.16059463350319
post_covid_2023_2026,1,bioepi_safe_lstm_common_scale,4,0.41186769268065576,0.7120737585502738,1.0780801632742734,0.6913764151363214,0.5600765173377972,0.5179512516469038,0.7315546772068511,0.9548748353096178,1.0117513227523152,1.5170593387421458,4.287068679162546,196.0,3,2,0.5825126280940675,0.7070536720006437,29.294632799935627
post_covid_2023_2026,1,bioepi_sgq_lstm_full_raw,1,0.2592462097400068,0.4161302617543063,0.6680334657693486,0.8637503755401897,0.7927326953864351,0.4093406593406594,0.6877289377289376,0.8843026891807378,0.4238239069950734,0.8669061771307845,1.5449700344243515,196.0,3,2,0.3395067610706921,0.7635966038568125,23.64033961431875
post_covid_2023_2026,1,bioepi_sgq_lstm_full_raw,2,0.32880896235091167,0.540888306248366,0.8608637355414247,0.7701271201399384,0.6826132230474684,0.41944444444444445,0.7147619047619047,0.8979365079365079,0.5347341752916391,1.1883634041881723,2.0058671772626666,196.0,3,2,0.43850538452765725,0.7498401934222387,25.015980657776126
post_covid_2023_2026,1,bioepi_sgq_lstm_full_raw,3,0.37086780682179005,0.5903963627699504,0.954186923133189,0.7202354169346985,0.6205859388125784,0.41819665442676457,0.7126427988576092,0.9140826873385013,0.6561169252275102,1.232370203435176,2.935722995912504,196.0,3,2,0.5169018695688172,0.7174820379952503,28.251796200474967
post_covid_2023_2026,1,bioepi_sgq_lstm_full_raw,4,0.42915476290848703,0.6739560855446722,1.0665782111573432,0.6404892442981248,0.5951287191969307,0.46080368906455865,0.7053689064558629,0.962121212121212,0.7405126504625376,1.3957485687803706,4.468504238957847,196.0,3,2,0.5825126280940675,0.7367304024165888,26.32695975834112
post_covid_2023_2026,1,bioepi_sgq_lstm_no_digital,1,0.2594471584473999,0.43557379229768944,0.6915890790118363,0.8717110563091371,0.7641122057487774,0.6226882873224336,0.8124199648589893,0.8907129455909945,0.6581061927172902,1.0740452253062898,1.6363684311453646,196.0,3,2,0.3395067610706921,0.7641884881149033,23.581151188509676
post_covid_2023_2026,1,bioepi_sgq_lstm_no_digital,2,0.3307708769022402,0.5621206145962931,0.877127499834034,0.790193379697981,0.6100347388444829,0.5352380952380953,0.7931746031746032,0.9177777777777778,0.8324229645857629,1.3153879732243334,2.39374215802307,196.0,3,2,0.43850538452765725,0.7543142879728492,24.568571202715084
post_covid_2023_2026,1,bioepi_sgq_lstm_no_digital,3,0.3872508566499855,0.6844449215951481,1.030644989724398,0.746263015372978,0.5937479077377398,0.5781228750169999,0.7655038759689923,0.9434754521963824,0.891074889628776,1.4961594021545679,3.2680335978308555,196.0,3,2,0.5169018695688172,0.7491767382714587,25.08232617285413
post_covid_2023_2026,1,bioepi_sgq_lstm_no_digital,4,0.432052589141171,0.76039921962122,1.1288192907133234,0.6730368326424383,0.5475926532870768,0.5385741472697995,0.7384716732542819,0.9624505928853755,1.0833015431567636,1.543451241666034,4.37009660500738,196.0,3,2,0.5825126280940675,0.7417051035525374,25.82948964474626
post_covid_2023_2026,1,gb_full_raw,1,0.3131690031235643,0.43339976787149087,0.7355407205230131,0.8232989755669647,0.7903312182309148,0.44319366270585786,0.6399609875219631,0.8801110813305936,0.23948485528265198,0.5893683831709728,2.482327018059055,196.0,3,2,0.3395067610706921,0.9224234655472922,7.757653445270785
post_covid_2023_2026,1,gb_full_raw,2,0.3741719351877981,0.5273206976281716,0.85585532044585,0.7515382947747901,0.7147674393554367,0.42007936507936505,0.6486507936507937,0.8629365079365079,0.32695161806245193,0.7251097432378386,3.057093960001841,196.0,3,2,0.43850538452765725,0.8532892602695019,14.671073973049808
post_covid_2023_2026,1,gb_full_raw,3,0.4003245307875827,0.5790074387750085,0.9071510228810927,0.7033710943471152,0.70271182408118,0.44554943560451515,0.7071688426492587,0.872484020127839,0.38172317165431985,1.014160923141208,3.5243395221217853,196.0,3,2,0.5169018695688172,0.7744691098167635,22.553089018323647
post_covid_2023_2026,1,gb_full_raw,4,0.42828315846587656,0.6622113281507611,0.953836409319733,0.6691303982212654,0.7054750048689881,0.5318767383984775,0.6850204948031036,0.8837468891816718,0.7100266237550604,1.2580185494710252,3.8654778589836956,196.0,3,2,0.5825126280940675,0.735234118215056,26.4765881784944
post_covid_2023_2026,1,persistence,1,0.3395067610706921,0.5094625313626815,0.8064739972329135,0.7934544867638097,0.794624714397694,0.37545787545787546,0.6714687751273117,0.9475416182733255,0.2735753530583195,0.938539385056537,4.055951306949182,196.0,3,2,0.3395067610706921,1.0,0.0
post_covid_2023_2026,1,persistence,2,0.43850538452765725,0.6570294979983972,1.0462032629188764,0.659659474308092,0.681954991708694,0.41460317460317464,0.6632539682539683,0.9603174603174603,0.37501391887888375,1.105079141998074,4.884713038495662,196.0,3,2,0.43850538452765725,1.0,0.0
post_covid_2023_2026,1,persistence,3,0.5169018695688172,0.7856225050556581,1.2101539597771371,0.5670835077178498,0.6437178452564286,0.3820124439004488,0.6589742282061744,0.9651162790697674,0.4222275371588619,1.3331147532202758,5.190847268577246,196.0,3,2,0.5169018695688172,1.0,0.0
post_covid_2023_2026,1,persistence,4,0.5825126280940675,0.8831269590003409,1.3518675513193246,0.45584883897610046,0.5888933599533699,0.3849363197189284,0.6499597423510467,0.9510869565217391,0.5281947834283648,1.4724277588628982,5.513196339054186,196.0,3,2,0.5825126280940675,1.0,0.0
post_covid_2023_2026,1,ridge_global_open,1,0.3771230751666154,0.6186221968899305,0.91510041306393,0.8080208361094523,0.6717151833138968,0.4697653295214271,0.7152014652014652,0.8801110813305936,0.7707380165083838,1.270654848016325,2.9835047519558295,196.0,3,2,0.3395067610706921,1.1107969513693745,-11.07969513693745
post_covid_2023_2026,1,ridge_global_open,2,0.5102921385770827,0.8355990862916188,1.1560944182567827,0.7120365380598853,0.5808487280783584,0.47547619047619044,0.6112698412698413,0.8692063492063492,1.054970743884201,1.4405823319390842,4.221666820168379,196.0,3,2,0.43850538452765725,1.1637078051544376,-16.370780515443762
post_covid_2023_2026,1,ridge_global_open,3,0.5679289408309319,0.9460377777036917,1.2319338706415912,0.6642031698040823,0.5225821667596183,0.47472120223038217,0.6159730722154223,0.8133244934040528,1.196188782082117,1.6426574265827485,4.326775572652353,196.0,3,2,0.5169018695688172,1.0987171342689859,-9.871713426898587
post_covid_2023_2026,1,ridge_global_open,4,0.563588384085455,0.9686587841296307,1.2241008228263672,0.6141222960069704,0.5090163843729486,0.4782974674279022,0.605475040257649,0.8201032059727712,1.3039727741294003,1.7653046194463224,4.335761434657845,196.0,3,2,0.5825126280940675,0.9675127317487845,3.2487268251215506
post_covid_2023_2026,1,ridge_google_wiki,1,0.36095315610296247,0.5951688392239564,0.8979315397980189,0.8059005367832969,0.6724257960976803,0.47555019506239016,0.7727374251764495,0.900436284582626,0.7679267475750269,1.2704371360232192,3.072369660178152,196.0,3,2,0.3395067610706921,1.063169272283814,-6.316927228381397
post_covid_2023_2026,1,ridge_google_wiki,2,0.4524927223151036,0.7539998672825671,1.0773274306734073,0.7105497095168976,0.5804359804931775,0.5086507936507937,0.6628571428571428,0.8850793650793651,1.0494457811781068,1.4464038257192573,4.281005598571442,196.0,3,2,0.43850538452765725,1.031897756061794,-3.1897756061793903
post_covid_2023_2026,1,ridge_google_wiki,3,0.47281081519554324,0.820848950783072,1.1075523092835369,0.6644756796749688,0.5224292290333743,0.5079899360805114,0.6663606691146471,0.8830919352645178,1.1796998505108616,1.6440466249144217,4.39581438078777,196.0,3,2,0.5169018695688172,0.9147013060524364,8.529869394756362
post_covid_2023_2026,1,ridge_google_wiki,4,0.4758985880585464,0.8583410933946528,1.1078203485941318,0.6141990483367967,0.5061313663463735,0.5186466110379154,0.639565949348558,0.8882850241545893,1.3205538226233184,1.7723218765949011,4.369837842317199,196.0,3,2,0.5825126280940675,0.8169755728998472,18.302442710015278
post_covid_2023_2026,1,ridge_no_digital,1,0.31570848465334317,0.5232359654223071,0.7721865469546096,0.8294643738910644,0.7212187683566408,0.4626180053009321,0.7509678668215254,0.9147830489293903,0.6543494022067948,1.1647759377960119,3.748173597432862,196.0,3,2,0.3395067610706921,0.9299033800025159,7.009661999748406
post_covid_2023_2026,1,ridge_no_digital,2,0.39049588552297115,0.6617316266946699,0.9486969212587062,0.7169825305811653,0.6107377442348483,0.5040476190476191,0.7062698412698413,0.9040476190476191,0.9169326465955345,1.4413043324781267,4.347445666326405,196.0,3,2,0.43850538452765725,0.8905155998109344,10.948440018906558
post_covid_2023_2026,1,ridge_no_digital,3,0.4349629075834995,0.7645860495330505,1.0252896815909327,0.6662548315174305,0.5706961348466267,0.4883890928872569,0.6834795321637427,0.8988083095335236,1.1146471183430182,1.6256236499429395,4.386673434801676,196.0,3,2,0.5169018695688172,0.841480623674918,15.851937632508195
post_covid_2023_2026,1,ridge_no_digital,4,0.4466757386601654,0.811857495431858,1.05924746357643,0.6202210435708192,0.5613869554314296,0.5209888742497438,0.667307129263651,0.9267676767676768,1.2649045878048313,1.7696982401654653,4.401562771655182,196.0,3,2,0.5825126280940675,0.7668086786747457,23.319132132525432
post_covid_2023_2026,1,ridge_raw_cn_search,1,0.28818054365657964,0.45437924362369947,0.7198039766317009,0.8582126699696535,0.7196305241683838,0.4715223800589654,0.7513550135501355,0.9670478572917597,0.521799845305605,0.9891577370445463,4.235279768044626,196.0,3,2,0.3395067610706921,0.8488212215502084,15.117877844979155
post_covid_2023_2026,1,ridge_raw_cn_search,2,0.35162318469158566,0.5705254968564856,0.8697231610007957,0.7698772750711794,0.6325562435793873,0.5270634920634921,0.7221428571428571,0.9524603174603175,0.7802406147221168,1.2149777613408221,4.157346575983526,196.0,3,2,0.43850538452765725,0.8018674276265545,19.81325723734455
post_covid_2023_2026,1,ridge_raw_cn_search,3,0.3955664538238388,0.674182219768409,0.9390421380896469,0.7255550222548365,0.5827358231669594,0.5212328301373589,0.7116313069495445,0.9230841153270773,0.9874418444604215,1.4405073626767055,4.093172946040869,196.0,3,2,0.5169018695688172,0.7652641189976881,23.47358810023119
post_covid_2023_2026,1,ridge_raw_cn_search,4,0.41309435644050047,0.7249610078536243,0.9803933882047421,0.6584810204831026,0.578316853813531,0.5643390425999121,0.699293661250183,0.9642255892255892,1.1912070573117275,1.679359431182581,4.22294631662034,196.0,3,2,0.5825126280940675,0.7091594868803285,29.08405131196715
post_covid_2023_2026,1,ridge_social_raw,1,0.3570811704711839,0.5901278428456478,0.8266532702041927,0.8446035698562983,0.7170979990026826,0.37993984335447745,0.6340495547812621,0.9749843652282677,0.6248625042194575,1.1710314936168926,4.645981152090347,196.0,3,2,0.3395067610706921,1.0517645343646997,-5.176453436469974
post_covid_2023_2026,1,ridge_social_raw,2,0.4710096865107946,0.7928839251050244,1.0600505497240071,0.7530379876250342,0.6433779253549767,0.4288095238095238,0.5865079365079365,0.9131746031746032,0.8757985867115915,1.3624206397167988,4.731593069811637,196.0,3,2,0.43850538452765725,1.0741252060522584,-7.412520605225836
post_covid_2023_2026,1,ridge_social_raw,3,0.5685567569121711,0.9630982400165546,1.2057129186499236,0.7012690500974258,0.5753550893761011,0.4324680402556779,0.5639279885760914,0.785172718618251,1.1443630733313952,1.5901244874760103,4.254453580862783,196.0,3,2,0.5169018695688172,1.0999317092554584,-9.993170925545837
post_covid_2023_2026,1,ridge_social_raw,4,0.5828961621341476,1.01641015565816,1.2501621708277157,0.6403867643427714,0.5518544286178443,0.45800395256917,0.5695725369638414,0.8197738252086078,1.3436575232274832,1.8483591709115033,4.412229832689824,196.0,3,2,0.5825126280940675,1.0006584132627907,-0.06584132627907024
post_covid_2023_2026,1,seasonal_naive,1,0.4768177514004291,0.7908363897929678,1.146174469596645,0.5770924374251933,0.7250502399820266,0.5812859227493373,0.8947779862414009,0.9790494058786742,1.254321200837306,3.8214602966306295,5.867758885946512,196.0,3,2,0.3395067610706921,1.4044425798670503,-40.44425798670503
post_covid_2023_2026,1,seasonal_naive,2,0.4663571010233529,0.7613021743198672,1.1079452714256317,0.5920666913034638,0.7171391265926896,0.5906349206349206,0.8952380952380953,0.9787301587301588,1.2469453793809187,3.8221535708667975,5.856924052888005,196.0,3,2,0.43850538452765725,1.0635151071763842,-6.35151071763842
post_covid_2023_2026,1,seasonal_naive,3,0.4609670391863659,0.7467050795157125,1.090316303652123,0.6197411389826083,0.7210864717974522,0.5951397388820889,0.8955103359173128,0.978359173126615,1.234336083663287,3.8204454439806503,5.847449350564497,196.0,3,2,0.5169018695688172,0.8917882993359835,10.821170066401653
post_covid_2023_2026,1,seasonal_naive,4,0.4606690092445965,0.74564874068747,1.0937349581333835,0.6187807959325532,0.7311099032210762,0.6098301859171424,0.8955862977602108,0.9779314888010541,1.2306116841808006,3.814203397171601,5.830282664673663,196.0,3,2,0.5825126280940675,0.7908309400121795,20.916905998782052
post_covid_2023_2026,2,bioepi_safe_lstm_common_scale,1,0.31372608837770677,0.5341418337843131,0.8486936241568218,0.7615577347361477,0.7152363092212023,0.5547887072277317,0.7597680097680097,0.935428392745466,0.7604749656180969,1.3030443205173414,2.54302081532321,196.0,3,2,0.46643383945933486,0.6726057627837664,32.73942372162336
post_covid_2023_2026,2,bioepi_safe_lstm_common_scale,2,0.37883147143817886,0.6374898977992045,0.9812405005102737,0.7084169804793906,0.6754058207873178,0.5838095238095238,0.7556349206349205,0.9349206349206348,0.9867457775200016,1.5083958129421993,3.206059899731246,196.0,3,2,0.5529100816373689,0.6851592763805652,31.484072361943483
post_covid_2023_2026,2,bioepi_safe_lstm_common_scale,3,0.4122956754600116,0.7331088283174511,1.0864754135463826,0.6718368414527364,0.6441849869128803,0.5438936488508092,0.7677648578811369,0.9465439276485789,0.995943638730331,1.6704781855482844,3.6730371493983878,196.0,3,2,0.6060270812377481,0.6803254973654643,31.967450263453568
post_covid_2023_2026,2,bioepi_safe_lstm_common_scale,4,0.44829075954232617,0.7998535445882266,1.155770898081567,0.6104692544007656,0.5750771692312934,0.5636802810715854,0.7277667984189723,0.9586627140974967,1.1993582743165265,1.6946109048499816,4.497036556800913,196.0,3,2,0.6553341416918822,0.6840644047401068,31.593559525989324
post_covid_2023_2026,2,bioepi_sgq_lstm_full_raw,1,0.3415554678031319,0.5830915800337513,0.8865986309610512,0.7425145659962219,0.6839854812048021,0.45628964531403554,0.7467539235831918,0.870581315703267,0.7263447348530326,1.1920439632876674,2.038137197080013,196.0,3,2,0.46643383945933486,0.7322699146336482,26.773008536635178
post_covid_2023_2026,2,bioepi_sgq_lstm_full_raw,2,0.39981221583731674,0.6831034806095144,1.0225693897615897,0.679003040580819,0.6388407052478713,0.48833333333333334,0.7662698412698412,0.8511904761904762,0.8259419046592501,1.456381941002191,2.267678771260614,196.0,3,2,0.5529100816373689,0.7231053097337755,27.689469026622447
post_covid_2023_2026,2,bioepi_sgq_lstm_full_raw,3,0.42491067764734963,0.7345851613898687,1.1001827274624143,0.6361723349626006,0.585133622422605,0.49732252141982863,0.7526944784441724,0.9338960288317693,1.100506725477195,1.5352648008095606,3.3470518434779404,196.0,3,2,0.6060270812377481,0.7011414024262962,29.88585975737038
post_covid_2023_2026,2,bioepi_sgq_lstm_full_raw,4,0.4676582590358254,0.7866079666756031,1.1687510373549492,0.5765629290982189,0.5665695571774103,0.48742863416776455,0.7399172888303323,0.9528619528619529,1.1154807728605494,1.6754187616235212,4.606814792235473,196.0,3,2,0.6553341416918822,0.7136180297709925,28.638197022900748
post_covid_2023_2026,2,bioepi_sgq_lstm_no_digital,1,0.3373548579068193,0.5680625675937337,0.8844640609319229,0.7428920578376385,0.6660484671249383,0.5785535602608773,0.7719631317192293,0.8947779862414009,0.8205493534657101,1.3603633915146354,2.1276618919937333,196.0,3,2,0.46643383945933486,0.7232641145802435,27.673588541975647
post_covid_2023_2026,2,bioepi_sgq_lstm_no_digital,2,0.3986670749784804,0.6620866978752268,1.013134981047744,0.6826374817721184,0.6217667491159921,0.6292857142857143,0.7754761904761905,0.9031746031746032,1.083811302416439,1.591961439181983,2.854476862644884,196.0,3,2,0.5529100816373689,0.7210341938383208,27.89658061616792
post_covid_2023_2026,2,bioepi_sgq_lstm_no_digital,3,0.4251044310221787,0.7646276550430544,1.12517911338033,0.6508190168897765,0.6074778628824238,0.530812253501972,0.775516795865633,0.954295865633075,1.0214519660938333,1.748817497160686,3.5361119607749463,196.0,3,2,0.6060270812377481,0.7014611131798707,29.85388868201293
post_covid_2023_2026,2,bioepi_sgq_lstm_no_digital,4,0.4607438277921621,0.8196702594343681,1.1910812058739495,0.5956193083524878,0.5484650605495642,0.5457290294246816,0.7429183135704874,0.9662384716732543,1.2198516412255092,1.7061477786925572,4.585696712170231,196.0,3,2,0.6553341416918822,0.7030670286804461,29.693297131955386
post_covid_2023_2026,2,gb_full_raw,1,0.32943256916989344,0.462627007367492,0.773428478669977,0.8133985987265396,0.8020042918654116,0.4714553738943983,0.6602861907739956,0.9066529676285774,0.3504482738841541,0.7353566426161375,2.930380429228459,196.0,3,2,0.46643383945933486,0.7062793075900197,29.372069240998034
post_covid_2023_2026,2,gb_full_raw,2,0.39089463934959007,0.5615729535170709,0.8839223252398022,0.7273087996119171,0.7212218387547753,0.45428571428571435,0.6515873015873016,0.8535714285714286,0.3900888729389278,0.7749784430601053,3.393525307740285,196.0,3,2,0.5529100816373689,0.7069768707996934,29.30231292003066
post_covid_2023_2026,2,gb_full_raw,3,0.4274677550131855,0.6151285568598052,0.9442766107339295,0.6914151511247996,0.6896305219738931,0.491687066503468,0.6692166462668299,0.8655395756833945,0.485605669661125,0.9528684774061112,3.7122439907364204,196.0,3,2,0.6060270812377481,0.7053608134806889,29.46391865193111
post_covid_2023_2026,2,gb_full_raw,4,0.45681382379413976,0.6943699140505365,1.0041113321798905,0.6637252386638196,0.6587523651775257,0.5522617479139218,0.6974088713219148,0.8413848631239936,0.75369563429091,1.2846733107430148,3.687046316759781,196.0,3,2,0.6553341416918822,0.6970700818589725,30.292991814102756
post_covid_2023_2026,2,persistence,1,0.46643383945933486,0.6957364701075969,1.1081773871158647,0.5882310449434766,0.6957734779423843,0.40434497751570925,0.6472721045891777,0.9434765776229191,0.37393851089227415,1.1159071986628961,4.906750166057715,196.0,3,2,0.46643383945933486,1.0,0.0
post_covid_2023_2026,2,persistence,2,0.5529100816373689,0.8368775919878542,1.2931245255175494,0.45348604829284317,0.6389439009622607,0.37142857142857144,0.6296825396825397,0.9476190476190477,0.42215406005181877,1.3379178093158302,5.214533204335903,196.0,3,2,0.5529100816373689,1.0,0.0
post_covid_2023_2026,2,persistence,3,0.6060270812377481,0.9168469328508357,1.4132701444191325,0.3653080555562664,0.5786498703140607,0.37382700938392494,0.6267339861281109,0.9416479668162655,0.5280391403474166,1.4767844045752065,5.536120299851298,196.0,3,2,0.6060270812377481,1.0,0.0
post_covid_2023_2026,2,persistence,4,0.6553341416918822,1.005235463122494,1.5200655895354351,0.27359690822195226,0.4945613305980409,0.32564778216952134,0.6537476211389255,0.9345813204508856,0.580185112899248,1.6717609303168748,5.7114448353100045,196.0,3,2,0.6553341416918822,1.0,0.0
post_covid_2023_2026,2,ridge_global_open,1,0.427318027142138,0.6988763395092229,1.0347996174561345,0.7657188478197945,0.6358927369339976,0.4712915810476786,0.6650882992346406,0.876046040680187,0.8564688837916418,1.2917623931965159,3.1138260782237315,196.0,3,2,0.46643383945933486,0.9161385624110424,8.38614375889576
post_covid_2023_2026,2,ridge_global_open,2,0.534029926134786,0.8747571402356636,1.2097518706552788,0.6912403574999125,0.5791839577972073,0.4715079365079365,0.6058730158730158,0.8608730158730159,1.063467033283904,1.4808740165392562,4.23834065092903,196.0,3,2,0.5529100816373689,0.9658531176594359,3.4146882340564066
post_covid_2023_2026,2,ridge_global_open,3,0.5793011677214858,0.9653281698568272,1.267811359860614,0.6508005549584749,0.5372316788143948,0.461265809873521,0.6157605739154087,0.8053600571195431,1.1936721124380347,1.6320871441234255,4.371239459682836,196.0,3,2,0.6060270812377481,0.9558998032535487,4.4100196746451275
post_covid_2023_2026,2,ridge_global_open,4,0.5767470760691205,0.9868210793148625,1.2595674903155079,0.6107942134952545,0.5072196277208915,0.46356682769726243,0.5965451617625531,0.794008929878495,1.3273763627018182,1.8038078144833813,4.289232829097051,196.0,3,2,0.6553341416918822,0.8800809226574511,11.991907734254891
post_covid_2023_2026,2,ridge_google_wiki,1,0.4165868249854458,0.6806268840239581,1.025291416338228,0.7631661158422304,0.633871136131909,0.4712915810476786,0.7080839214985556,0.8882411626314065,0.8509797307336652,1.2909419632980565,3.1188842273055664,196.0,3,2,0.46643383945933486,0.8931316507145599,10.686834928544009
post_covid_2023_2026,2,ridge_google_wiki,2,0.4805811006796086,0.8009208323471461,1.137845805849406,0.6896302782392598,0.5773936881311578,0.4794444444444445,0.6561904761904761,0.8846825396825397,1.057026191176594,1.4834382142152338,4.29170168650372,196.0,3,2,0.5529100816373689,0.8691849120501335,13.081508794986652
post_covid_2023_2026,2,ridge_google_wiki,3,0.48858961603382073,0.8437239863067728,1.147082281775826,0.6511315289175906,0.5333999628390994,0.48759009927920577,0.6653406772745818,0.8820719434244526,1.1947814678299242,1.6404716479856507,4.446488513115297,196.0,3,2,0.6060270812377481,0.8062174631469052,19.378253685309478
post_covid_2023_2026,2,ridge_google_wiki,4,0.4916880389661273,0.8794866187134344,1.1469779953660468,0.6117119097103889,0.5021035018514795,0.5114917288830333,0.634423949641341,0.865978626848192,1.3172605327087223,1.8143794630764887,4.319535307486631,196.0,3,2,0.6553341416918822,0.7502860108840533,24.971398911594665
post_covid_2023_2026,2,ridge_no_digital,1,0.40023759258259023,0.6563856032490585,0.9570886819648977,0.7001689062399089,0.653544601165362,0.4649632210607821,0.6936254802108461,0.8907799517555616,0.7948368780122282,1.2916837780368022,4.241407780276925,196.0,3,2,0.46643383945933486,0.8580800935166373,14.191990648336272
post_covid_2023_2026,2,ridge_no_digital,2,0.4465767523609337,0.7582421100310516,1.0425489435352995,0.6209390931600699,0.5844112625138606,0.47341269841269845,0.6683333333333333,0.8754761904761904,0.9986717437152377,1.5344393305027895,4.353867682782665,196.0,3,2,0.5529100816373689,0.8076842278557422,19.231577214425776
post_covid_2023_2026,2,ridge_no_digital,3,0.44684840918274477,0.7860706306747934,1.0524882942076823,0.6118545740009922,0.5658652723471914,0.5167618659050728,0.6822385420916633,0.9057527539779682,1.1626483818017945,1.6991466334251968,4.427964301136197,196.0,3,2,0.6060270812377481,0.7373406618564021,26.265933814359787
post_covid_2023_2026,2,ridge_no_digital,4,0.44783270326742475,0.8194893825505646,1.0642781929564726,0.6026715298618791,0.569595842180704,0.5044832381788904,0.7099985360854926,0.9212048016395843,1.2672094803972953,1.868892515364446,4.344335931650673,196.0,3,2,0.6553341416918822,0.6833654387535051,31.663456124649493
post_covid_2023_2026,2,ridge_raw_cn_search,1,0.3461532652213821,0.5391615873932174,0.8610522719578326,0.7763345334632069,0.6892074444106857,0.4578010065814944,0.7019491348759641,0.9711128979421663,0.5575066801561974,1.024991867917925,4.888564405697655,196.0,3,2,0.46643383945933486,0.7421272556524297,25.787274434757034
post_covid_2023_2026,2,ridge_raw_cn_search,2,0.391296687676333,0.6369728337297434,0.9303595085966959,0.7094137068819446,0.6182483533560735,0.5126984126984128,0.7048412698412698,0.9445238095238095,0.7955737783577691,1.266888149945007,4.169026215558897,196.0,3,2,0.5529100816373689,0.7077040203672186,29.22959796327814
post_covid_2023_2026,2,ridge_raw_cn_search,3,0.4006481461857901,0.6800236008835809,0.9479914893692166,0.691199746583028,0.5857061016911047,0.5389976880184958,0.6938664490684076,0.9465524275805793,0.9472899773147646,1.4836017144773244,4.096588072305578,196.0,3,2,0.6060270812377481,0.6611060109186992,33.889398908130076
post_covid_2023_2026,2,ridge_raw_cn_search,4,0.41323677270288844,0.7257284215281724,0.983177501437121,0.6507177729623019,0.5758340706852415,0.5347862684819207,0.7289379300248866,0.9270970575318401,1.1523901342477554,1.7242781860400787,4.170063203789048,196.0,3,2,0.6553341416918822,0.6305741550959504,36.94258449040496
post_covid_2023_2026,2,ridge_social_raw,1,0.42429968688409986,0.6804163244198366,0.9724588554725756,0.759121327088771,0.6930211312973659,0.40089043747580333,0.5968387980583102,0.9668542839274546,0.6810218467881901,1.1967353198727588,5.40814013869921,196.0,3,2,0.46643383945933486,0.9096674618975444,9.033253810245556
post_covid_2023_2026,2,ridge_social_raw,2,0.5249496091888974,0.8763893283223365,1.1422081634489005,0.6875252657390803,0.6343645148834026,0.4423809523809524,0.567936507936508,0.9012698412698413,0.9654328725985163,1.457409400399543,4.868625867903919,196.0,3,2,0.5529100816373689,0.9494303443234924,5.056965567650762
post_covid_2023_2026,2,ridge_social_raw,3,0.5770418426332576,0.9742968376290403,1.2221416372804332,0.665631388806631,0.5851023807536464,0.4618608051135591,0.5714589283285734,0.8076210390316878,1.1184518686934022,1.6947371187420004,4.310303269978109,196.0,3,2,0.6060270812377481,0.9521717106349586,4.782828936504135
post_covid_2023_2026,2,ridge_social_raw,4,0.588488978489274,1.0177297233661846,1.2555729885801232,0.6254555139211092,0.5708756820940406,0.4696969696969697,0.5861696676914069,0.8067266871614698,1.2916211735702172,1.857018099336961,4.371484884158739,196.0,3,2,0.6553341416918822,0.8979983508412465,10.200164915875353
post_covid_2023_2026,2,seasonal_naive,1,0.4779398261561876,0.7946174769227711,1.1491051287928171,0.5762674982755011,0.7262700709529373,0.5731558414485244,0.8947779862414009,0.9790494058786742,1.2526212444332419,3.829124971525475,5.877581771508646,196.0,3,2,0.46643383945933486,1.024667993021668,-2.4667993021668
post_covid_2023_2026,2,seasonal_naive,2,0.46789927580407703,0.7662295137690832,1.1118953969415954,0.590582609490246,0.7174093055882698,0.5866666666666667,0.8952380952380953,0.9787301587301588,1.240671071746249,3.8290662699091267,5.86741810710171,196.0,3,2,0.5529100816373689,0.8462484070076209,15.375159299237906
post_covid_2023_2026,2,seasonal_naive,3,0.46392433977802777,0.753113009672142,1.0974923748105885,0.616936098333518,0.720633316702214,0.5951397388820889,0.8955103359173128,0.978359173126615,1.237952819879788,3.829556662020257,5.854762405901565,196.0,3,2,0.6060270812377481,0.7655175059677366,23.44824940322634
post_covid_2023_2026,2,seasonal_naive,4,0.4661337322970402,0.7564783716282047,1.110371243385902,0.6134082528567979,0.7301935390669388,0.6098301859171424,0.891798418972332,0.9779314888010541,1.2334989301448782,3.825983551693733,5.837474159959373,196.0,3,2,0.6553341416918822,0.7112916947888881,28.87083052111119
pre_covid_2015_2019,0,bioepi_safe_lstm_common_scale,1,0.22887482534769577,0.35732542419991126,0.6152756636486952,0.9075267795682348,0.8639913247500784,0.48561728395061726,0.7761419753086419,0.9280864197530864,0.327803384847401,0.6464359400006408,1.7911999232722906,155.0,3,2,0.2797678755026837,0.8180882988672523,18.19117011327477
pre_covid_2015_2019,0,bioepi_safe_lstm_common_scale,2,0.3037025778870164,0.4693702071530785,0.8224739583359179,0.8492312488864386,0.7738923805709566,0.4830917874396135,0.809447128287708,0.9265633387010198,0.5872313591331629,1.0084301881948707,1.9577811111712133,152.0,3,2,0.41335094297053915,0.7347329988035427,26.52670011964573
pre_covid_2015_2019,0,bioepi_safe_lstm_common_scale,3,0.38569337662632863,0.5627257087687533,0.9561163700757027,0.8033019708226762,0.7941327381196629,0.5691089640365002,0.8057141462938565,0.8760918362367637,0.6625945075145739,1.2175760788884618,2.339504339273505,149.0,3,2,0.5176822714400127,0.745038796776763,25.4961203223237
pre_covid_2015_2019,0,bioepi_safe_lstm_common_scale,4,0.45056403213326224,0.6639720830549316,1.075049904523692,0.7385499377770408,0.7299948490502034,0.5523889690556357,0.7995430495430496,0.8455587622254289,0.8161145322449502,1.6110253342409144,2.4508997345255494,146.0,3,2,0.617293121659886,0.7299028878237078,27.009711217629217
pre_covid_2015_2019,0,bioepi_sgq_lstm_full_raw,1,0.23002462570355423,0.3381029714288161,0.6317289355917088,0.9055322041844268,0.8883397595232913,0.5622222222222222,0.7971913580246913,0.9214197530864198,0.33410299836141116,0.6453160131688057,1.8069302127252513,155.0,3,2,0.2797678755026837,0.822198135830458,17.7801864169542
pre_covid_2015_2019,0,bioepi_sgq_lstm_full_raw,2,0.3240105853703767,0.4682782745002452,0.8389292129306831,0.8519681059402636,0.8352636100428197,0.48805689747718733,0.7451355340848095,0.8920088566827697,0.46629418695028063,0.8670982566025464,1.5778553475899584,152.0,3,2,0.41335094297053915,0.783863181832562,21.613681816743803
pre_covid_2015_2019,0,bioepi_sgq_lstm_full_raw,3,0.3777009298983278,0.5703589762004136,0.9808729238214912,0.7943409423591373,0.7639501721785339,0.4441272629678427,0.7663470453325525,0.8964280486019617,0.554941871585292,1.0948739606543898,1.9489969497917787,149.0,3,2,0.5176822714400127,0.7295998930921369,27.04001069078631
pre_covid_2015_2019,0,bioepi_sgq_lstm_full_raw,4,0.45684044311771926,0.7081787008651385,1.127685488735925,0.6986824617645843,0.640725274346374,0.446408529741863,0.6740019240019239,0.8792287958954624,0.6254542638010704,1.1440668300908807,2.111137793769062,146.0,3,2,0.617293121659886,0.740070522557074,25.992947744292604
pre_covid_2015_2019,0,bioepi_sgq_lstm_no_digital,1,0.22521114519219118,0.3404591454181136,0.6318571442808065,0.9045196815465948,0.8880830504838578,0.5123456790123456,0.7969753086419753,0.9280864197530864,0.3189693122698716,0.6339206829671635,1.8113236229136456,155.0,3,2,0.2797678755026837,0.8049928705629064,19.500712943709363
pre_covid_2015_2019,0,bioepi_sgq_lstm_no_digital,2,0.3054774382356019,0.47608995766194356,0.830124077151074,0.8522822967419925,0.7850870219431921,0.4169015029522276,0.766874664519592,0.9257917337627483,0.5206973912598185,0.9180799332302915,1.9404354842743785,152.0,3,2,0.41335094297053915,0.7390268328415892,26.097316715841078
pre_covid_2015_2019,0,bioepi_sgq_lstm_no_digital,3,0.37996581478825936,0.5651322081510342,0.9650777692488027,0.8035677118343719,0.7635219543584437,0.38105694627433756,0.7554042843897917,0.8833382130483579,0.5811189408749874,1.0570082333111026,1.9888893146720144,149.0,3,2,0.5176822714400127,0.7339749412923223,26.602505870767768
pre_covid_2015_2019,0,bioepi_sgq_lstm_no_digital,4,0.4514390883650194,0.6829110461586367,1.1015754411639607,0.7377546609659005,0.6620715874157698,0.41774891774891776,0.7565335898669231,0.8332130832130832,0.704488018169943,1.3498833152900207,1.9455455060510165,146.0,3,2,0.617293121659886,0.7313204578581902,26.867954214180976
pre_covid_2015_2019,0,gb_full_raw,1,0.3520819786503606,0.5734950954368366,0.7768232569596085,0.873837456547355,0.8517953502162806,0.5382407407407407,0.6784876543209877,0.8743518518518519,0.6963842398792255,1.0174772473955676,2.1534440152718397,155.0,3,2,0.2797678755026837,1.2584789372895073,-25.847893728950734
pre_covid_2015_2019,0,gb_full_raw,2,0.33107438698363595,0.518185588399772,0.7661563979999079,0.8670650446866399,0.785151097576897,0.5752147074610843,0.8079039184111648,0.8537305421363391,0.7242441308884685,1.2977806134068446,1.8581965954786515,152.0,3,2,0.41335094297053915,0.8009522963813166,19.90477036186834
pre_covid_2015_2019,0,gb_full_raw,3,0.3261519872280434,0.5176023275322167,0.7789564712026612,0.8512839076548128,0.6934140732760626,0.5085151027180013,0.8273678817157077,0.9046625677060459,0.6743053666035072,1.461210582602633,2.7939565100013524,149.0,3,2,0.5176822714400127,0.6300234820110829,36.99765179889171
pre_covid_2015_2019,0,gb_full_raw,4,0.3634913927104803,0.5829781735015731,0.8370287701823612,0.789946602140689,0.6830692597778167,0.5559163059163059,0.7886403719737053,0.9219175885842552,0.9826336407147916,2.3169144906392214,3.6799289217127047,146.0,3,2,0.617293121659886,0.5888473076341121,41.115269236588794
pre_covid_2015_2019,0,persistence,1,0.2797678755026837,0.40151533082875357,0.7026709059424014,0.8897250246636492,0.8894449478554197,0.40401234567901234,0.6996604938271606,0.9219135802469136,0.27680332362358473,0.7137316570441864,2.1677371360811644,155.0,3,2,0.2797678755026837,1.0,0.0
pre_covid_2015_2019,0,persistence,2,0.41335094297053915,0.6108563735610866,1.0146875654260656,0.801616972552179,0.8265837862324931,0.40579710144927533,0.6812265163714439,0.8984836285560923,0.5037742665818011,1.1016343825874346,2.5902533722659964,152.0,3,2,0.41335094297053915,1.0,0.0
pre_covid_2015_2019,0,persistence,3,0.5176822714400127,0.7863315024805511,1.2584964902528777,0.6950694096222726,0.7541297226060703,0.37950763675401356,0.7325916166495876,0.896757429366125,0.6185961021866053,1.484945378957285,3.1365295653492464,149.0,3,2,0.5176822714400127,1.0,0.0
pre_covid_2015_2019,0,persistence,4,0.617293121659886,0.9467546200596301,1.461294786453719,0.5727333072773209,0.6044018768075242,0.4496151996151996,0.7190155523488856,0.8933381433381434,0.8517761079744353,1.8459139690264144,3.66931174318306,146.0,3,2,0.617293121659886,1.0,0.0
pre_covid_2015_2019,0,ridge_global_open,1,0.27583846325316685,0.41467166673323735,0.6504354359011232,0.929009047279259,0.8270074687210719,0.49080246913580244,0.7417592592592593,0.9285802469135801,0.4504282000880988,0.8728192227615819,2.567300390663077,155.0,3,2,0.2797678755026837,0.9859547410779148,1.404525892208519
pre_covid_2015_2019,0,ridge_global_open,2,0.33345998861541387,0.5296340748891307,0.7769459511984523,0.9172207933012775,0.7233772061794917,0.5306629092860976,0.7962292002147074,0.9120705850778315,0.6859241929498724,1.324381087812666,3.4314667986262477,152.0,3,2,0.41335094297053915,0.8067236673491287,19.32763326508713
pre_covid_2015_2019,0,ridge_global_open,3,0.37131731561510956,0.5935322380661922,0.8924003868830326,0.8749528883715412,0.7507104433668718,0.6205411603962329,0.8152539891670326,0.9442614551310203,0.8588617764812639,1.7843971867896469,4.139333095335107,149.0,3,2,0.5176822714400127,0.7172687497723912,28.27312502276088
pre_covid_2015_2019,0,ridge_global_open,4,0.4337134916856578,0.7006209144838392,1.0349143740307782,0.8217658579788202,0.7127026186631579,0.6126342793009459,0.8476831810165143,0.9414782748116082,1.02218978506761,2.329988468159858,4.341123088918604,146.0,3,2,0.617293121659886,0.7026054178595298,29.73945821404702
pre_covid_2015_2019,0,ridge_google_wiki,1,0.277737094018999,0.4151498430269726,0.649762788002157,0.9293522979955141,0.832062413776017,0.5611728395061728,0.7484259259259259,0.9285802469135801,0.4997026320823577,0.9340884207276997,2.5999292540552115,155.0,3,2,0.2797678755026837,0.9927411913178529,0.7258808682147122
pre_covid_2015_2019,0,ridge_google_wiki,2,0.33547177897432207,0.5237759763971955,0.7692980435021258,0.9181735662566758,0.7242467713968831,0.5646135265700484,0.8031736446591519,0.9120705850778315,0.7312212401978305,1.3997285068706364,3.7023158650362795,152.0,3,2,0.41335094297053915,0.8115906947337779,18.840930526622213
pre_covid_2015_2019,0,ridge_google_wiki,3,0.37509305814060684,0.5854336845384213,0.8797060998268885,0.8786455545523856,0.7471218419521835,0.6299346118186698,0.8627580149319279,0.9442614551310203,0.8823362571633978,1.9734541571341995,4.843729584715126,149.0,3,2,0.5176822714400127,0.7245623016937164,27.543769830628364
pre_covid_2015_2019,0,ridge_google_wiki,4,0.44219379886479815,0.7050219662541877,1.0292552407338043,0.8262080896607141,0.719911995437752,0.5789642456309123,0.8737774571107905,0.947651114317781,1.0095897769235647,2.4456348818651645,5.760276074607273,146.0,3,2,0.617293121659886,0.7163433113846301,28.365668861536985
pre_covid_2015_2019,0,ridge_no_digital,1,0.29287141369403724,0.44635675027922855,0.6876724602783163,0.9191136849440896,0.8546983975469132,0.5118518518518518,0.6326543209876543,0.8764506172839507,0.4767555175614128,0.8305778575500647,1.8625952173696094,155.0,3,2,0.2797678755026837,1.0468371794574671,-4.683717945746713
pre_covid_2015_2019,0,ridge_no_digital,2,0.38198174563389925,0.574559206145735,0.8763120886614132,0.88904793959538,0.7986001278799676,0.5271068169618894,0.6423778851315083,0.8384661835748792,0.6561255971455664,1.0030770834426355,1.9914135748677915,152.0,3,2,0.41335094297053915,0.9241100138511703,7.58899861488297
pre_covid_2015_2019,0,ridge_no_digital,3,0.4284275749328277,0.6536455032474988,0.9859865054222876,0.8628681009287642,0.7731790462687754,0.4833967696286537,0.6544551798174987,0.804457619675011,0.6434587456472254,1.1412506646441336,2.234423204687474,149.0,3,2,0.5176822714400127,0.8275878827008903,17.241211729910965
pre_covid_2015_2019,0,ridge_no_digital,4,0.4671303081339892,0.7205523725732893,1.0702177057467566,0.8129794119435849,0.7723666830013977,0.4721420554753888,0.6669873336540003,0.8365800865800866,0.7219033478321856,1.2893353751903083,2.495129882188626,146.0,3,2,0.617293121659886,0.7567398562256571,24.32601437743429
pre_covid_2015_2019,0,ridge_raw_cn_search,1,0.2749469572496401,0.42179307073996486,0.6418422286353108,0.9228120403514642,0.858495085368368,0.45629629629629626,0.668148148148148,0.8818518518518519,0.4039875438296681,0.7979631721162774,1.782502248851423,155.0,3,2,0.2797678755026837,0.9827681493295773,1.7231850670422655
pre_covid_2015_2019,0,ridge_raw_cn_search,2,0.36482200638565754,0.5440667520355709,0.8190848723445336,0.8966748418949199,0.8119498593561153,0.5220075147611379,0.653918411164788,0.8250469672571121,0.6037729275139191,0.9753347646166844,1.9112987915607362,152.0,3,2,0.41335094297053915,0.8825962843192535,11.740371568074648
pre_covid_2015_2019,0,ridge_raw_cn_search,3,0.4127813274896286,0.6291455645383781,0.9392137964214098,0.8709557779538354,0.791259030480413,0.47105109061630807,0.6648367735324258,0.8196091348265261,0.6298006063810236,1.1845308718513987,2.309656247221507,149.0,3,2,0.5176822714400127,0.7973642333576809,20.26357666423191
pre_covid_2015_2019,0,ridge_raw_cn_search,4,0.44791896636631723,0.6860445581552891,1.0276013334341385,0.821023840312472,0.7793369250039586,0.4509780343113676,0.6952060285393619,0.8365800865800866,0.6838758632173793,1.2638603236160615,2.449383917044577,146.0,3,2,0.617293121659886,0.7256179449430348,27.438205505696523
pre_covid_2015_2019,0,ridge_social_raw,1,0.26588962906528496,0.42562327850868703,0.629666629405792,0.919012561263226,0.8598456936735234,0.4900925925925926,0.7521296296296297,0.909074074074074,0.607178815294484,0.9952985125200309,2.0894166104902943,155.0,3,2,0.2797678755026837,0.9503937097407539,4.960629025924613
pre_covid_2015_2019,0,ridge_social_raw,2,0.3441441404455213,0.5527651084448794,0.7967891172184345,0.8920418306385048,0.8343196704689982,0.4369632313472893,0.7383252818035427,0.8799651100375737,0.7961743575538281,1.2144294511711549,2.113989106156321,152.0,3,2,0.41335094297053915,0.8325713205643988,16.742867943560125
pre_covid_2015_2019,0,ridge_social_raw,3,0.38285986440576925,0.6203057785675873,0.8849489282821502,0.8673889997913687,0.7739306121881248,0.4475918606353389,0.7119260235202264,0.8575733177182453,0.8332125661570583,1.4451098467690586,2.4976703253326975,149.0,3,2,0.5176822714400127,0.7395653386792362,26.043466132076375
pre_covid_2015_2019,0,ridge_social_raw,4,0.4101394414810702,0.6621839020210151,0.9477447244107466,0.8155615238869465,0.7543705804495145,0.5032066698733365,0.7320426487093153,0.8765832932499599,0.9120514198794417,1.5349799401413604,2.6248151270116513,146.0,3,2,0.617293121659886,0.6644160239113232,33.558397608867686
pre_covid_2015_2019,0,seasonal_naive,1,0.41694818941443246,0.6302527641594672,0.9417154747626699,0.8889341636659799,0.8083338586365851,0.5734259259259259,0.8179938271604938,0.9604938271604938,1.1014603521163664,2.2925252898715143,4.2230487974177455,155.0,3,2,0.2797678755026837,1.4903361891184423,-49.033618911844236
pre_covid_2015_2019,0,seasonal_naive,2,0.4117602795634067,0.6291421112721011,0.9635267254615173,0.8918056477739272,0.7952454099925088,0.5855139559849705,0.8206857219538378,0.9598765432098766,1.1367169670986057,2.304550201822243,4.185020777870398,152.0,3,2,0.41335094297053915,0.9961517847384086,0.38482152615914034
pre_covid_2015_2019,0,seasonal_naive,3,0.4201129913314565,0.6416114717677669,1.0060692996301193,0.8784205519812379,0.7789832388030833,0.5826867710925682,0.8169008929878495,0.9521665934709413,1.1292053301356317,2.2500272445415903,4.093832491404569,149.0,3,2,0.5176822714400127,0.8115267114766125,18.84732885233875
pre_covid_2015_2019,0,seasonal_naive,4,0.4135826656898744,0.629864274914547,1.0074269885422187,0.8648711213107615,0.7570453743842593,0.5795654962321629,0.8209074875741543,0.9583934583934584,1.1161666069914913,2.2196305100223404,4.105762053627001,146.0,3,2,0.617293121659886,0.6699939642576298,33.00060357423702
reopening_2022,0,bioepi_safe_lstm_common_scale,1,0.11976054396785214,0.21359865946057574,0.28818375018698245,0.8296560586867971,0.753857528742332,0.48132664437012257,0.8210702341137123,0.9269788182831661,0.3111966023085743,0.5627283245020716,0.9241975477337864,147.0,3,2,0.11465746530793003,1.0445071644154789,-4.450716441547886
reopening_2022,0,bioepi_safe_lstm_common_scale,2,0.22206905555966774,0.38319831242675056,0.5967924186111823,0.73755952116034,0.6466279796470905,0.39155982905982906,0.6543803418803419,0.9086538461538461,0.4812088670772794,0.8389125718916187,1.2550390170614347,150.0,3,2,0.21472379135673547,1.0342079662273151,-3.4207966227315145
reopening_2022,0,bioepi_safe_lstm_common_scale,3,0.3310858334279115,0.5209788499871736,0.8561640361948023,0.6614655123473333,0.6381156978877088,0.4528205128205129,0.6705128205128205,0.8705128205128205,0.6253568268714748,1.0046896683557442,1.4893000639504732,153.0,3,2,0.328483006991611,1.0079237780369168,-0.7923778036916795
reopening_2022,0,bioepi_safe_lstm_common_scale,4,0.4047350374855805,0.6360204072164378,0.9996790528914054,0.537025997116553,0.48680427554800226,0.3525641025641026,0.8012820512820512,0.8461538461538461,0.7437603964466203,1.313496848099015,1.7573986367873207,156.0,3,2,0.3919638927735602,1.0325824519744686,-3.258245197446863
reopening_2022,0,bioepi_sgq_lstm_full_raw,1,0.11840973656536528,0.21299641048507323,0.28849033601603963,0.8298129520475327,0.6606714565123258,0.5376254180602006,0.7753623188405797,0.9470457079152731,0.33721293652876977,0.5871220472350539,0.9667893274241394,147.0,3,2,0.11465746530793003,1.0327259219219433,-3.2725921921943346
reopening_2022,0,bioepi_sgq_lstm_full_raw,2,0.2261814507982016,0.413404949904693,0.6070025349711922,0.6943338173104533,0.6382770800761204,0.48023504273504275,0.8012820512820512,0.9407051282051282,0.47551041423334833,0.8592677827873141,1.4137931400285975,150.0,3,2,0.21472379135673547,1.0533599903814603,-5.335999038146033
reopening_2022,0,bioepi_sgq_lstm_full_raw,3,0.33603496195651106,0.5404347317854482,0.8754524345477441,0.6095318836007125,0.54166155478087,0.5364102564102564,0.7528205128205129,0.9023076923076924,0.6076351714646276,1.0815368060685284,1.708969836877663,153.0,3,2,0.328483006991611,1.022990397689257,-2.2990397689256925
reopening_2022,0,bioepi_sgq_lstm_full_raw,4,0.40229847689866577,0.6488318328195846,0.9920085504557884,0.5080905377343283,0.47979817900039134,0.4615384615384615,0.814102564102564,0.8846153846153846,0.7249477396676216,1.3079683988919197,1.8422963164234336,156.0,3,2,0.3919638927735602,1.0263661636075134,-2.6366163607513426
reopening_2022,0,bioepi_sgq_lstm_no_digital,1,0.12225307339443613,0.21753273106348392,0.292676085133291,0.8189500258262791,0.7565261765745964,0.44119286510590855,0.7817725752508361,0.9205685618729097,0.30290751089038775,0.5639452210104309,0.9013144580600558,147.0,3,2,0.11465746530793003,1.0662460840740455,-6.624608407404553
reopening_2022,0,bioepi_sgq_lstm_no_digital,2,0.23419161916301034,0.39466663020066634,0.6176535120939399,0.7196029112420814,0.6319954029098521,0.37286324786324787,0.6415598290598291,0.8819444444444443,0.44063295520952245,0.8665742339793292,1.3625976458524436,150.0,3,2,0.21472379135673547,1.0906645122241327,-9.066451222413274
reopening_2022,0,bioepi_sgq_lstm_no_digital,3,0.3451776306277993,0.5389642877010099,0.8849964269645662,0.626823779175338,0.6077757210702193,0.47333333333333333,0.6643589743589744,0.8635897435897436,0.6472273922372618,1.0558274464007307,1.5225256234211588,153.0,3,2,0.328483006991611,1.050823401152726,-5.082340115272599
reopening_2022,0,bioepi_sgq_lstm_no_digital,4,0.4055579758502139,0.6381506395803747,1.0015475292774794,0.5454426934613137,0.47876363203756594,0.3525641025641026,0.7564102564102564,0.8333333333333334,0.7467248508010663,1.234461362881175,1.6415425162997896,156.0,3,2,0.3919638927735602,1.0346819779252143,-3.4681977925214325
reopening_2022,0,gb_full_raw,1,0.20681140580990243,0.33886388391313016,0.441217689225385,0.7182150281845004,0.665032756505176,0.26421404682274247,0.5680044593088072,0.7767558528428093,0.2908382502388787,0.6091338073670716,1.0736219577813875,147.0,3,2,0.11465746530793003,1.803732580817821,-80.37325808178211
reopening_2022,0,gb_full_raw,2,0.32867760793747713,0.4821132019658267,0.7560627517111325,0.5306620665224361,0.5235934815654572,0.3557692307692308,0.6014957264957265,0.8007478632478633,0.42528446931458413,0.7527713595841493,1.5734410182554264,150.0,3,2,0.21472379135673547,1.5306995366499574,-53.06995366499574
reopening_2022,0,gb_full_raw,3,0.4237353051956772,0.6382407472140267,1.038806801709797,0.6120535087177336,0.5699111649099264,0.3412820512820513,0.7269230769230769,0.8569230769230769,0.4986520510931671,1.0821792042855043,2.3127856944986984,153.0,3,2,0.328483006991611,1.2899763341684791,-28.99763341684791
reopening_2022,0,gb_full_raw,4,0.5130390818595653,0.8124433652388799,1.223154063542922,0.5853740916575044,0.4956361702555005,0.3974358974358974,0.7564102564102564,0.8461538461538461,0.5548629356258425,1.8411827578819364,3.3712448956333305,156.0,3,2,0.3919638927735602,1.3088937305660215,-30.889373056602153
reopening_2022,0,persistence,1,0.11465746530793003,0.18410178957829068,0.24351512056603308,0.8999185400035749,0.8010506791669981,0.6465997770345596,0.8202341137123746,0.979933110367893,0.19118630895983416,0.5405689803051447,1.3614405289807834,147.0,3,2,0.11465746530793003,1.0,0.0
reopening_2022,0,persistence,2,0.21472379135673547,0.31854670604323143,0.52807511695969,0.6531468429821924,0.6447080325274761,0.5993589743589743,0.8274572649572649,0.9663461538461539,0.27349411556715536,0.8788727158311538,2.256633903224294,150.0,3,2,0.21472379135673547,1.0,0.0
reopening_2022,0,persistence,3,0.328483006991611,0.47604811195125246,0.8116972623397934,0.4740646060431244,0.47443806323874876,0.6210256410256411,0.7846153846153846,0.9543589743589743,0.377640979749929,1.2160640664628082,2.982087397063211,153.0,3,2,0.328483006991611,1.0,0.0
reopening_2022,0,persistence,4,0.3919638927735602,0.5655674871037993,0.920715759422944,0.33660797198787096,0.3005905725101721,0.6282051282051282,0.8141025641025642,0.9423076923076924,0.4690346468882877,1.5398872680894842,3.478252566796785,156.0,3,2,0.3919638927735602,1.0,0.0
reopening_2022,0,ridge_global_open,1,0.28006933413295027,0.5060072570025084,0.6099111217070635,0.6616997223602917,0.5096171662147274,0.5295429208472687,0.7898550724637681,0.9158305462653288,0.7763061808416576,1.522939349540393,2.263764451771277,147.0,3,2,0.11465746530793003,2.4426611331480386,-144.26611331480385
reopening_2022,0,ridge_global_open,2,0.4283978878883378,0.7407228706986243,0.954604603214113,0.6105977422248621,0.44534663741289626,0.3787393162393162,0.7521367521367521,0.9017094017094017,0.9326930107990266,1.8889828540090907,3.1019999037621915,150.0,3,2,0.21472379135673547,1.9951114181688923,-99.51114181688922
reopening_2022,0,ridge_global_open,3,0.5177372740749869,0.8579370674025423,1.201296901509553,0.6352770564577076,0.45434267320834687,0.4082051282051282,0.7533333333333334,0.8638461538461538,1.010653940547771,2.2392516563839213,3.166174853373487,153.0,3,2,0.328483006991611,1.5761462938879187,-57.61462938879187
reopening_2022,0,ridge_global_open,4,0.7106712895208478,1.1023223926811723,1.4955549591532573,0.6196218775688626,0.47650787129302125,0.4935897435897436,0.7115384615384616,0.8076923076923076,1.3243229040823052,2.747654946537032,3.7100563134424664,156.0,3,2,0.3919638927735602,1.8131039685622439,-81.31039685622439
reopening_2022,0,ridge_google_wiki,1,0.2797873541537645,0.5015771324014897,0.6079687094155456,0.6613688317152175,0.506198362795924,0.4885730211817168,0.7898550724637681,0.9158305462653288,0.7174411298938811,1.5239372981333288,2.236161803111766,147.0,3,2,0.11465746530793003,2.4402018080754977,-144.02018080754976
reopening_2022,0,ridge_google_wiki,2,0.42843306865614794,0.7383593313233182,0.9518530693746062,0.611067928566562,0.4446319093068638,0.3920940170940171,0.7451923076923076,0.9017094017094017,0.941686881833899,1.837165201767453,3.0497943551668967,150.0,3,2,0.21472379135673547,1.9952752601334358,-99.52752601334358
reopening_2022,0,ridge_google_wiki,3,0.5155378861580872,0.8526469559953899,1.195687788358517,0.6335335034933726,0.4397985136641873,0.421025641025641,0.7338461538461538,0.8702564102564102,1.0177335799582106,2.1863780901833443,3.156577559159375,153.0,3,2,0.328483006991611,1.56945070273073,-56.94507027307301
reopening_2022,0,ridge_google_wiki,4,0.6975060281094893,1.083144858868488,1.4795192579076513,0.6260997469861501,0.48949932428447424,0.5448717948717948,0.7564102564102564,0.8205128205128206,1.3460089877886456,2.7888099556280075,3.7268486511999694,156.0,3,2,0.3919638927735602,1.7795160242283912,-77.95160242283912
reopening_2022,0,ridge_no_digital,1,0.2376061097363091,0.391575968961861,0.5050628291435452,0.8201670608531719,0.5560135301006458,0.2870680044593088,0.7505574136008919,0.8637123745819397,0.30623031014217567,1.011601213447627,1.496430910966004,147.0,3,2,0.11465746530793003,2.072312597336613,-107.23125973366132
reopening_2022,0,ridge_no_digital,2,0.39394792090285374,0.6211418482698686,0.8831843250788985,0.6789067598436781,0.495145719329422,0.21741452991452992,0.7783119658119658,0.8504273504273504,0.37168040431817145,1.5116343826901082,2.3160070391243175,150.0,3,2,0.21472379135673547,1.8346728996059911,-83.46728996059912
reopening_2022,0,ridge_no_digital,3,0.5144593173308497,0.7867877597924426,1.1938804809142878,0.61882944223247,0.45478098955294044,0.24410256410256412,0.7794871794871795,0.8317948717948718,0.43985684984724155,1.8884755352407436,2.9125438199879716,153.0,3,2,0.328483006991611,1.5661672183364672,-56.61672183364672
reopening_2022,0,ridge_no_digital,4,0.558768356483261,0.8378877331454081,1.2957230817251293,0.6004881255161332,0.44463542457099153,0.28205128205128205,0.7628205128205128,0.8461538461538461,0.463507355746146,1.8999698551861677,3.248892358256875,156.0,3,2,0.3919638927735602,1.4255607896160596,-42.55607896160596
reopening_2022,0,ridge_raw_cn_search,1,0.38791987428069247,0.4324103662792235,0.5581623273791645,0.811365039453582,0.5103662447670475,0.49972129319955405,0.8219063545150501,0.8765328874024526,1.8353557514213044,2.6998570396745407,3.134756545124093,147.0,3,2,0.11465746530793003,3.383293649819266,-238.3293649819266
reopening_2022,0,ridge_raw_cn_search,2,0.4546819490689629,0.6188185343082563,0.891773004694934,0.696893984312318,0.5238467720840555,0.41613247863247865,0.8231837606837606,0.8568376068376068,1.2673065190070185,2.520923945972046,3.0799692091742785,150.0,3,2,0.21472379135673547,2.11752012292652,-111.752012292652
reopening_2022,0,ridge_raw_cn_search,3,0.5676249422992817,0.8150699514437582,1.2226381845082492,0.6033711527936635,0.48416236198614054,0.4258974358974359,0.805128205128205,0.851025641025641,1.3900092185796284,2.5660164870704323,3.5784103404577734,153.0,3,2,0.328483006991611,1.728019198003074,-72.80191980030739
reopening_2022,0,ridge_raw_cn_search,4,0.5917317633118158,0.8961969434164452,1.3289115860244223,0.564756996478589,0.44366411104261144,0.3525641025641026,0.7435897435897436,0.8141025641025642,0.9052397329251628,2.170910849281118,3.224224264899379,156.0,3,2,0.3919638927735602,1.5096588594543392,-50.96588594543392
reopening_2022,0,ridge_social_raw,1,0.38387044443252644,0.4167462898546222,0.5378272637234588,0.8029774030801673,0.5028675870053018,0.6596989966555183,0.8363991081382386,0.8765328874024526,2.0242390344017536,2.8193738273770443,3.3665034585716658,147.0,3,2,0.11465746530793003,3.347976020589537,-234.7976020589537
reopening_2022,0,ridge_social_raw,2,0.473526334827617,0.654346196215895,0.9117380395531031,0.6805233636075979,0.47098408382969087,0.6180555555555556,0.8301282051282052,0.8568376068376068,1.7255215292415507,2.637564538617419,3.344730776909198,150.0,3,2,0.21472379135673547,2.2052811746459664,-120.52811746459665
reopening_2022,0,ridge_social_raw,3,0.565071602771979,0.8274673892538961,1.2318448944780906,0.5920398635686573,0.44808752379077443,0.5638461538461538,0.8379487179487178,0.8774358974358974,1.5257000756346895,2.834148556443236,3.7651508353090555,153.0,3,2,0.328483006991611,1.7202460728399571,-72.0246072839957
reopening_2022,0,ridge_social_raw,4,0.6337712686924811,0.9322706782950759,1.3834056400934633,0.5269963094827569,0.4102129698974384,0.5064102564102564,0.7948717948717948,0.8782051282051282,1.6760158583170206,2.981215097370574,4.406684866488741,156.0,3,2,0.3919638927735602,1.616912374779925,-61.6912374779925
reopening_2022,0,seasonal_naive,1,0.2784010813181761,0.47588600827828614,0.5962654199330696,0.6257064327149037,0.514635963375758,0.697324414715719,0.939799331103679,1.0,0.7738500126942535,2.2477133037394132,4.729261843823728,147.0,3,2,0.11465746530793003,2.428111249193306,-142.81112491933058
reopening_2022,0,seasonal_naive,2,0.30406287723184205,0.5155187593271048,0.7054078548406454,0.6629505956053844,0.5512933291168768,0.6885683760683761,0.9465811965811967,0.9930555555555557,0.7729494142211862,2.2893900122861464,4.749690323444782,150.0,3,2,0.21472379135673547,1.4160651472788193,-41.60651472788193
reopening_2022,0,seasonal_naive,3,0.35062075431325507,0.5732083917657752,0.8653018352941843,0.68201123992378,0.581854569734923,0.6871794871794871,0.9410256410256411,0.9866666666666667,0.7750468975552116,2.2905932402882603,4.869560437618048,153.0,3,2,0.328483006991611,1.0673938890306416,-6.7393889030641585
reopening_2022,0,seasonal_naive,4,0.35916021419958,0.5865861600065588,0.8771598964674435,0.6744747244816408,0.6039863386344445,0.6794871794871794,0.9358974358974358,0.9871794871794872,0.7753532311383237,2.2873605223337194,4.932153260548154,156.0,3,2,0.3919638927735602,0.9163094377345337,8.369056226546634
