country,region,official_delay_weeks,model,horizon,n,WIS,MAE,RMSE,Pearson,Spearman,coverage_50,coverage_80,coverage_95,width_50,width_80,width_95
CHN,northern_provinces,0,bioepi_safe_lstm_common_scale,1,364.0,0.20876367722726374,0.3413359340188065,0.6087777584743563,0.9270333333027126,0.9459709743236756,0.4807692307692308,0.8076923076923077,0.9532967032967034,0.3993055726637084,0.9106978937097407,1.9706596719185965
CHN,northern_provinces,0,bioepi_safe_lstm_common_scale,2,364.0,0.32841091552760643,0.5250097593462801,0.917333654773703,0.8276354593448626,0.879641926943383,0.4835164835164835,0.739010989010989,0.9395604395604396,0.6427584030934969,1.1796935766304502,3.4323319895421616
CHN,northern_provinces,0,bioepi_safe_lstm_common_scale,3,364.0,0.42777081973657927,0.6691254339881963,1.1355259088812717,0.7341620417462235,0.8251307849334171,0.5027472527472527,0.7472527472527473,0.9175824175824175,0.8365928403706409,1.539066478146565,4.388127041095746
CHN,northern_provinces,0,bioepi_safe_lstm_common_scale,4,364.0,0.511809592041606,0.8070424605777436,1.3067774808432397,0.6494338331322159,0.7606827408481377,0.4642857142857143,0.7637362637362637,0.9065934065934066,0.9919481196802454,1.9806795485719229,4.460046896808189
CHN,northern_provinces,0,bioepi_sgq_lstm_no_digital,1,364.0,0.21424974504101152,0.34088278398587946,0.6140235666319264,0.9260858674333037,0.9464034863415806,0.46703296703296704,0.8021978021978022,0.9395604395604396,0.383299147843708,0.8624218198252732,1.904377723836571
CHN,northern_provinces,0,bioepi_sgq_lstm_no_digital,2,364.0,0.3312616833278701,0.5181187924578111,0.9355019372756268,0.8222009441622501,0.8839529816522603,0.510989010989011,0.7307692307692307,0.9395604395604396,0.6209970210382166,1.0785563363850172,3.3985660960609225
CHN,northern_provinces,0,bioepi_sgq_lstm_no_digital,3,364.0,0.4345617243482916,0.6632769602452774,1.1726949326944938,0.7201957678939451,0.8317314290623451,0.4807692307692308,0.7197802197802198,0.9120879120879121,0.7253431621259824,1.3396929824565327,4.295137203986662
CHN,northern_provinces,0,bioepi_sgq_lstm_no_digital,4,364.0,0.5122454646624336,0.7810193332540787,1.3402703105311635,0.6284353829741156,0.770615767994717,0.42032967032967034,0.7307692307692307,0.8928571428571429,0.8163680002793848,1.6990786651267982,4.265090531652981
CHN,northern_provinces,0,persistence,1,364.0,0.23871329847934705,0.350597308081752,0.6368133264249646,0.9216611446622135,0.9434937529016121,0.5054945054945055,0.7967032967032966,0.9560439560439561,0.3512727516779882,0.8635742825114885,3.477150015461988
CHN,northern_provinces,0,persistence,2,364.0,0.3731816026379904,0.5463881605284869,0.9999745933435702,0.8071120476680005,0.8770058254231504,0.5054945054945055,0.7967032967032966,0.9340659340659341,0.5413645319294519,1.329532266109091,4.614523880748474
CHN,northern_provinces,0,persistence,3,364.0,0.4911479405752119,0.7224784603567781,1.2865954210961421,0.6842583942136302,0.8098508078076178,0.5357142857142857,0.7884615384615384,0.9340659340659341,0.7039814533405535,1.7790418368005267,5.42661834365511
CHN,northern_provinces,0,persistence,4,364.0,0.5825723653568217,0.8647771044803133,1.495151553773921,0.5738899186301473,0.7362814363277299,0.49725274725274726,0.7884615384615384,0.9203296703296703,0.8533794747453154,2.1369444710119647,5.700307978957642
CHN,southern_provinces,0,bioepi_safe_lstm_common_scale,1,364.0,0.30614068847461073,0.4914771928518205,0.8248059957889875,0.9059726481893895,0.9202553730166416,0.46703296703296704,0.7335164835164835,0.9203296703296703,0.5258998431372003,1.1319313989184054,2.447962994698236
CHN,southern_provinces,0,bioepi_safe_lstm_common_scale,2,364.0,0.47553097252945675,0.7422042304837144,1.2285820342826328,0.7856345350577709,0.8248098456862375,0.49725274725274726,0.7362637362637363,0.9230769230769231,0.8956813482818077,1.7533231632995065,5.257950155639661
CHN,southern_provinces,0,bioepi_safe_lstm_common_scale,3,364.0,0.6085397166764672,0.9317327830773009,1.5834073907005837,0.6493552989169161,0.7473263798558611,0.5274725274725275,0.771978021978022,0.9093406593406593,1.181355069121411,2.3265106880735598,6.741323220611191
CHN,southern_provinces,0,bioepi_safe_lstm_common_scale,4,364.0,0.699235927899357,1.05240819285064,1.779408561493793,0.5384974560724874,0.6653346393175466,0.5659340659340659,0.7967032967032966,0.8928571428571429,1.4631359419502254,3.1436558274122715,6.9184843116089585
CHN,southern_provinces,0,bioepi_sgq_lstm_no_digital,1,364.0,0.30460017601037587,0.4723301707646869,0.8357088727115726,0.9050929502259658,0.9196845389879635,0.46153846153846156,0.75,0.9175824175824175,0.5039971549238553,1.1066705165179085,2.314753605866643
CHN,southern_provinces,0,bioepi_sgq_lstm_no_digital,2,364.0,0.47827471906340474,0.7357046956479613,1.2798886341241094,0.7728939777257539,0.830520422671422,0.5164835164835165,0.7472527472527473,0.9258241758241759,0.8824328838493103,1.701696103356041,5.2353421048225846
CHN,southern_provinces,0,bioepi_sgq_lstm_no_digital,3,364.0,0.6112160685586533,0.9275047086361528,1.6173156823785184,0.6474263548311037,0.7546703313329232,0.49725274725274726,0.771978021978022,0.9093406593406593,1.1423369054739505,2.4161148899796903,6.678593856573226
CHN,southern_provinces,0,bioepi_sgq_lstm_no_digital,4,364.0,0.7169153452239607,1.0818431134945115,1.8516778729839911,0.5337561542145737,0.6668708405512096,0.5302197802197802,0.8021978021978022,0.8983516483516484,1.3856937744526248,3.232276688379801,6.772414897790788
CHN,southern_provinces,0,persistence,1,364.0,0.32798526625012264,0.4953138944288264,0.8603821589360985,0.9016015903470435,0.916034939242437,0.5164835164835165,0.7445054945054945,0.9368131868131868,0.5773621204070895,1.1701238630063915,4.817989020421493
CHN,southern_provinces,0,persistence,2,364.0,0.5232169983065903,0.7767316326873557,1.3302451985071753,0.7661484016712478,0.8151819316840409,0.5027472527472527,0.7582417582417582,0.9038461538461539,0.88492589828752,1.7856183507898882,6.418346262770733
CHN,southern_provinces,0,persistence,3,364.0,0.6661013331794103,0.9994862386670117,1.717642297393244,0.6220777982133577,0.712984966206259,0.510989010989011,0.782967032967033,0.9148351648351648,1.1780091476777526,2.8365779868474537,7.103225032300036
CHN,southern_provinces,0,persistence,4,364.0,0.7811711308357002,1.179694480512458,1.9771988307890696,0.4992999617226862,0.6056112031197345,0.46153846153846156,0.7939560439560439,0.9120879120879121,1.2271861638504162,3.5782747497334544,7.537764703284479
USA,hhs1,0,bioepi_safe_lstm_common_scale,1,370.0,0.1312059791589169,0.20166102111647236,0.3888828926681564,0.9711477085931353,0.9818426802320038,0.6297297297297297,0.8513513513513513,0.9459459459459459,0.3520078211350009,0.7264697964136927,1.364240152771455
USA,hhs1,0,bioepi_safe_lstm_common_scale,2,370.0,0.2219338768324813,0.33564524348783265,0.6546777440379951,0.9166490572339274,0.9422215193959326,0.5756756756756757,0.8,0.918918918918919,0.39053579506422187,1.0243435288715532,1.9511325653596063
USA,hhs1,0,bioepi_safe_lstm_common_scale,3,370.0,0.30501405224993117,0.44398830384519156,0.8479449584525367,0.8573979916467467,0.8881305077347414,0.5594594594594594,0.7675675675675676,0.8783783783783784,0.48336151405415595,1.2925064963110924,2.2152259684509485
USA,hhs1,0,bioepi_safe_lstm_common_scale,4,370.0,0.3531021325720768,0.513089809444896,0.9555145696187066,0.815239133690371,0.8576189232424852,0.572972972972973,0.7783783783783784,0.8621621621621621,0.5776544115088689,1.5536432588252904,2.284844274106179
USA,hhs1,0,bioepi_sgq_lstm_no_digital,1,370.0,0.13050911170848203,0.20077996206709411,0.38882862455456446,0.9711600626012863,0.9817654483093967,0.6486486486486487,0.8594594594594595,0.9513513513513514,0.35641632340434165,0.7218983357957832,1.3601438126229144
USA,hhs1,0,bioepi_sgq_lstm_no_digital,2,370.0,0.2196665810301897,0.33344513485437427,0.6529735987542207,0.9170945527732095,0.9444439508866568,0.5783783783783784,0.8108108108108109,0.9243243243243243,0.39864048400576874,1.0304559205510557,1.9791470724236015
USA,hhs1,0,bioepi_sgq_lstm_no_digital,3,370.0,0.29553186233331347,0.427550729928135,0.8279396730685548,0.8645222831585441,0.9032558822710687,0.5621621621621622,0.772972972972973,0.8729729729729729,0.47361541670983787,1.2821176086292476,2.1621321442673227
USA,hhs1,0,bioepi_sgq_lstm_no_digital,4,370.0,0.350643689638273,0.5108508862008433,0.9510713116084901,0.8171993381584948,0.8570505815788836,0.5783783783783784,0.7837837837837838,0.8648648648648649,0.5735784260174339,1.5520211497844363,2.281797176444458
USA,hhs1,0,persistence,1,370.0,0.1677494421007118,0.2347189645092392,0.4407907239651695,0.9634296714461476,0.9806998373036109,0.5837837837837838,0.8081081081081081,0.9459459459459459,0.29275453863654854,0.8790801970329679,1.8852767574082525
USA,hhs1,0,persistence,2,370.0,0.28868491600819446,0.4054434070508026,0.7708113446804294,0.8885303581169685,0.9446810955324532,0.5486486486486486,0.7918918918918919,0.9081081081081082,0.38854263664374916,1.1686438491997602,2.767271782690693
USA,hhs1,0,persistence,3,370.0,0.39527584877449395,0.5599966872735337,1.023370820545383,0.8041430295226049,0.894329909424249,0.5297297297297298,0.7810810810810811,0.9135135135135135,0.49404657020353787,1.5830917954659987,3.1659060961987002
USA,hhs1,0,persistence,4,370.0,0.47882727789714064,0.6854550305352426,1.2155895229156466,0.7233111912016822,0.8318445458804409,0.5378378378378378,0.7648648648648648,0.9027027027027027,0.6481962445856092,1.8411681761126282,3.5533440102341993
USA,hhs10,0,bioepi_safe_lstm_common_scale,1,370.0,0.14765625161659243,0.2264251138743314,0.43789637959029915,0.9602478146018361,0.9687137272042932,0.5324324324324324,0.8351351351351352,0.9162162162162162,0.27609849322575125,0.7398029924463895,1.6994795684618653
USA,hhs10,0,bioepi_safe_lstm_common_scale,2,370.0,0.2637768452637194,0.3740516433337055,0.7322096816109618,0.886120804168521,0.930113875626991,0.5756756756756757,0.8405405405405405,0.918918918918919,0.4560264051636945,1.3473943234627548,2.704472165194877
USA,hhs10,0,bioepi_safe_lstm_common_scale,3,370.0,0.34106521049961663,0.4827946108472294,0.9324267573049335,0.8120391995315858,0.8864688368600011,0.5675675675675675,0.8108108108108109,0.9108108108108108,0.5319638067197364,1.5924873230694772,3.786629652627933
USA,hhs10,0,bioepi_safe_lstm_common_scale,4,370.0,0.40648564162979267,0.5630935489744558,1.0652666513465445,0.7511264759509567,0.844035818080917,0.6027027027027027,0.8108108108108109,0.9027027027027027,0.6508460976913135,2.112978391391122,4.292237653943655
USA,hhs10,0,bioepi_sgq_lstm_no_digital,1,370.0,0.147469163428224,0.2271687509843093,0.43759413903723854,0.960329712776199,0.968379687293631,0.518918918918919,0.8378378378378378,0.918918918918919,0.27762573846717375,0.7364487763731697,1.697916953404003
USA,hhs10,0,bioepi_sgq_lstm_no_digital,2,370.0,0.26326795753140225,0.37442457785805205,0.7304387446194538,0.8873024939959855,0.9302202472013793,0.5351351351351351,0.8081081081081081,0.9027027027027027,0.4224865213432944,1.3171142141658443,2.484521771668781
USA,hhs10,0,bioepi_sgq_lstm_no_digital,3,370.0,0.3477856043816222,0.4892025285428577,0.950206634019411,0.8063303131210665,0.8905178270111541,0.4837837837837838,0.7675675675675676,0.8891891891891892,0.46028362508051535,1.4745224629840918,3.356443228925555
USA,hhs10,0,bioepi_sgq_lstm_no_digital,4,370.0,0.4259803160198321,0.5780500854460302,1.1066598188725958,0.7339249119766876,0.8481286361636109,0.5297297297297298,0.772972972972973,0.8837837837837837,0.580344859043359,1.982024274008278,3.8532046694896827
USA,hhs10,0,persistence,1,370.0,0.18503348314728368,0.24576866394102698,0.4701010355151058,0.9549357709879192,0.9701039018112189,0.5567567567567567,0.8189189189189189,0.9459459459459459,0.2443503982978042,0.9588590298002716,2.4634919494438723
USA,hhs10,0,persistence,2,370.0,0.32272641618571285,0.4196859283416258,0.8083696212892245,0.8674082933762612,0.9312740128202622,0.5918918918918918,0.8135135135135135,0.9378378378378378,0.4154697943234788,1.6807294921308606,3.611830587463748
USA,hhs10,0,persistence,3,370.0,0.4308246124973729,0.5751189190408363,1.0740036903891474,0.7680035066554434,0.8799235498729288,0.5675675675675675,0.8027027027027027,0.918918918918919,0.5262359964883208,2.1526517826770464,4.3790835986713
USA,hhs10,0,persistence,4,370.0,0.51525900172979,0.7055672680600114,1.2836976646194656,0.6713207901704142,0.8205049569982841,0.5783783783783784,0.8054054054054054,0.918918918918919,0.6830386204840236,2.4950107301107067,4.840261440045501
USA,hhs2,0,bioepi_safe_lstm_common_scale,1,370.0,0.12232254304079825,0.19638493767593634,0.3705806569198248,0.9581287215373008,0.9698269566654288,0.5054054054054054,0.8,0.9378378378378378,0.25112455033449216,0.568681447891923,1.1092643809021017
USA,hhs2,0,bioepi_safe_lstm_common_scale,2,370.0,0.21278294769271502,0.32590231537981884,0.6315433897268352,0.873650011359929,0.9147755210341497,0.5297297297297298,0.7648648648648648,0.9054054054054054,0.3869234880873622,0.9022657053384057,1.5997165361308485
USA,hhs2,0,bioepi_safe_lstm_common_scale,3,370.0,0.2888285486286763,0.42127514410474015,0.8277992790100723,0.776529445318039,0.8591571651856972,0.5567567567567567,0.7891891891891892,0.8783783783783784,0.5019767662056931,1.1698602301290408,2.009286335187084
USA,hhs2,0,bioepi_safe_lstm_common_scale,4,370.0,0.3492197708429043,0.48513921097116186,0.9734513074024119,0.6895524532018681,0.8095510539136862,0.6027027027027027,0.7837837837837838,0.8621621621621621,0.6394837811980123,1.3595976875277331,2.1367892634004795
USA,hhs2,0,bioepi_sgq_lstm_no_digital,1,370.0,0.12281735428413319,0.1952139976112762,0.36906079885300946,0.9583521987282175,0.9710574554569031,0.4972972972972973,0.7891891891891892,0.9405405405405406,0.2578182013686182,0.5744573367078853,1.1104726041796271
USA,hhs2,0,bioepi_sgq_lstm_no_digital,2,370.0,0.21223918850924736,0.320268460891379,0.6351973773669921,0.8734366288114768,0.9296289254871859,0.5594594594594594,0.7675675675675676,0.8945945945945946,0.4059078244010026,0.9083071931713795,1.4811085413909508
USA,hhs2,0,bioepi_sgq_lstm_no_digital,3,370.0,0.28426258630334,0.40933923272139455,0.8284218466022428,0.779039463381891,0.8837901210657768,0.5297297297297298,0.7702702702702703,0.8702702702702703,0.48190934922530815,1.1318149480688708,1.8383181629113667
USA,hhs2,0,bioepi_sgq_lstm_no_digital,4,370.0,0.342612415616769,0.4795845571449945,0.9580609051549215,0.6984337860738111,0.8289042839434003,0.5594594594594594,0.7702702702702703,0.8513513513513513,0.6306280640612845,1.3286853276527313,1.947179088153308
USA,hhs2,0,persistence,1,370.0,0.1505505619702575,0.21221887440502182,0.3942815624963499,0.9533118515603008,0.9700579417100356,0.5756756756756757,0.827027027027027,0.9324324324324325,0.2729350291224646,0.7341484419043938,1.4956609299041905
USA,hhs2,0,persistence,2,370.0,0.26116875239917986,0.3641316309919249,0.7023627805981029,0.8516383626721397,0.9289073045170605,0.5432432432432432,0.8243243243243243,0.9243243243243243,0.4027557721592675,1.1429508853599712,2.340587339235843
USA,hhs2,0,persistence,3,370.0,0.35289621745635646,0.4963979606741917,0.9355091910607095,0.7364048678938515,0.8705941231481958,0.572972972972973,0.8135135135135135,0.9243243243243243,0.5818300691977105,1.5399792684769944,2.9072342377457447
USA,hhs2,0,persistence,4,370.0,0.41656105991735953,0.6038490488376532,1.1031299031788937,0.6315485104553431,0.8041467145931022,0.5513513513513514,0.8027027027027027,0.9243243243243243,0.6625194906338071,1.7859727092517739,3.3291413780583947
USA,hhs3,0,bioepi_safe_lstm_common_scale,1,370.0,0.10100988326522313,0.1679729629640101,0.3056344569227022,0.9691296405295308,0.9859622688890981,0.5405405405405406,0.8351351351351352,0.9513513513513514,0.2424970721442636,0.5414733201451153,1.1852562434119118
USA,hhs3,0,bioepi_safe_lstm_common_scale,2,370.0,0.17420894581207177,0.2847429123299888,0.5123746344697753,0.911140661685073,0.9468184771452143,0.5621621621621622,0.7810810810810811,0.927027027027027,0.3658120805833631,0.7897658652723469,1.7190729827629292
USA,hhs3,0,bioepi_safe_lstm_common_scale,3,370.0,0.22422309153661568,0.36811500724915175,0.63275974653575,0.8636266600228077,0.9010751465422426,0.4918918918918919,0.7405405405405405,0.918918918918919,0.4632320844225199,1.027574231833317,2.050505116644762
USA,hhs3,0,bioepi_safe_lstm_common_scale,4,370.0,0.2653140694847808,0.43195094471698936,0.7175592487776109,0.8220781433674306,0.8624982750155322,0.5351351351351351,0.754054054054054,0.9135135135135135,0.5885652601020276,1.3580997798577097,2.3181408321233943
USA,hhs3,0,bioepi_sgq_lstm_no_digital,1,370.0,0.10091982863040078,0.16847683489846801,0.3050744038150373,0.9690638171902795,0.9853133785945566,0.5513513513513514,0.8324324324324325,0.9459459459459459,0.24379379353279584,0.5409496380580399,1.1877023377947487
USA,hhs3,0,bioepi_sgq_lstm_no_digital,2,370.0,0.16927177004238456,0.2773789029710583,0.5044841186217282,0.9139945275579446,0.9554772180635043,0.5459459459459459,0.7648648648648648,0.9216216216216216,0.35502293624276315,0.7822792663805155,1.672290497141169
USA,hhs3,0,bioepi_sgq_lstm_no_digital,3,370.0,0.21832505764015536,0.3536634601960365,0.6248088234350542,0.8660333526636472,0.9195032518548396,0.4972972972972973,0.7351351351351352,0.9,0.4507008613310317,1.0038557041123528,1.936866605634503
USA,hhs3,0,bioepi_sgq_lstm_no_digital,4,370.0,0.25707623250561074,0.41545847929437224,0.7000172436484027,0.8297918215552197,0.878395021146977,0.5378378378378378,0.7189189189189189,0.8918918918918919,0.5571683546143117,1.2929756848749883,2.1220707990079206
USA,hhs3,0,persistence,1,370.0,0.1310962344726377,0.19075072065217427,0.33259420434381165,0.9636862634890204,0.9833982164400941,0.6,0.8189189189189189,0.9351351351351351,0.23475238643154575,0.6715546564625693,1.4964545093886041
USA,hhs3,0,persistence,2,370.0,0.23106497044070273,0.3397186828162868,0.5722307048751405,0.8924656320967223,0.9470461454814884,0.572972972972973,0.7810810810810811,0.9216216216216216,0.4011021635201255,1.0320098137481295,2.3079113192708265
USA,hhs3,0,persistence,3,370.0,0.2989260536870917,0.449282892503284,0.7409424808641194,0.8196527088065925,0.8955104206829931,0.5297297297297298,0.7945945945945946,0.9243243243243243,0.5013067428900191,1.4193546685542178,2.792495627051227
USA,hhs3,0,persistence,4,370.0,0.35517663790521875,0.5424195390769218,0.8700993700726185,0.7512495632737439,0.8343706930913557,0.527027027027027,0.7891891891891892,0.927027027027027,0.6079562271249201,1.7657926390523926,3.1206792051500707
USA,hhs4,0,bioepi_safe_lstm_common_scale,1,370.0,0.12028278905378448,0.19662380016975006,0.3488342805300935,0.9593031501921548,0.9731420066440775,0.5216216216216216,0.8216216216216217,0.9432432432432433,0.2617207971279607,0.6158725990793841,1.4889580704675816
USA,hhs4,0,bioepi_safe_lstm_common_scale,2,370.0,0.2029052920525108,0.32593872310941246,0.5664769788654972,0.8901556561425246,0.9137013813497937,0.5432432432432432,0.7567567567567568,0.9324324324324325,0.4439442932610065,0.8881232775486121,2.3082536487739116
USA,hhs4,0,bioepi_safe_lstm_common_scale,3,370.0,0.26346716064018694,0.4252740827838787,0.7015255952298131,0.8320245816656874,0.8391998204239345,0.5,0.7648648648648648,0.918918918918919,0.5451881882948261,1.238405585557668,2.6541404998403273
USA,hhs4,0,bioepi_safe_lstm_common_scale,4,370.0,0.3027239001733553,0.48989384668486086,0.7704691874579249,0.7942870499257083,0.7902608413422955,0.5243243243243243,0.7486486486486487,0.9027027027027027,0.669715622968311,1.4908455742756237,2.8854569806277466
USA,hhs4,0,bioepi_sgq_lstm_no_digital,1,370.0,0.12297085715172068,0.2024435215792079,0.3528988241092408,0.9583595278019458,0.9702076674004885,0.5135135135135135,0.8162162162162162,0.9351351351351351,0.27419637971519445,0.6654629690439471,1.5144578333728067
USA,hhs4,0,bioepi_sgq_lstm_no_digital,2,370.0,0.204984086197162,0.3236865211056335,0.574154668646613,0.8879600391588083,0.923586830535749,0.5324324324324324,0.7594594594594595,0.9027027027027027,0.41713575931134916,0.8649740741738903,2.1272603747148073
USA,hhs4,0,bioepi_sgq_lstm_no_digital,3,370.0,0.26608794105875083,0.41986927691929427,0.7005036419114034,0.8325639333022291,0.8583955068078399,0.5081081081081081,0.7486486486486487,0.8837837837837837,0.5288741208085409,1.247587974285551,2.4105787528391716
USA,hhs4,0,bioepi_sgq_lstm_no_digital,4,370.0,0.29885544339654563,0.4767874778504144,0.7540536315811203,0.8045716864128803,0.8069036099408856,0.5162162162162162,0.745945945945946,0.8621621621621621,0.6391239360562719,1.4683071444753502,2.604722997927387
USA,hhs4,0,persistence,1,370.0,0.15147245635867812,0.21697329021201966,0.37783481496968935,0.9528795647043828,0.9742604480754503,0.5486486486486486,0.8162162162162162,0.9432432432432433,0.24453705048823376,0.8190588502782413,1.9109369449684093
USA,hhs4,0,persistence,2,370.0,0.25831379922437303,0.37813482733326964,0.6421473377685482,0.8633692435948557,0.9183677530663265,0.5324324324324324,0.7648648648648648,0.9432432432432433,0.41109633563720044,1.1919955081061846,2.886254312503955
USA,hhs4,0,persistence,3,370.0,0.3325341817039553,0.5068456565055576,0.813968318055861,0.780302019359628,0.842994371664413,0.527027027027027,0.772972972972973,0.9351351351351351,0.5928330030289309,1.5717163536670806,3.428018044643303
USA,hhs4,0,persistence,4,370.0,0.385075434095966,0.6110694568423637,0.9271114359967764,0.7154475318122412,0.759626775549463,0.4972972972972973,0.7783783783783784,0.9351351351351351,0.7274944953460183,1.8373897542768025,3.7325802363431753
USA,hhs5,0,bioepi_safe_lstm_common_scale,1,370.0,0.11500157213132227,0.18866876863952134,0.3521918521115344,0.9641743856258216,0.9825427425979657,0.572972972972973,0.7972972972972973,0.9459459459459459,0.267966161884421,0.534776555004321,1.2004172097107833
USA,hhs5,0,bioepi_safe_lstm_common_scale,2,370.0,0.18961014749904473,0.307896226648021,0.5489596947836014,0.9112077138279779,0.9453555718627049,0.5216216216216216,0.7810810810810811,0.9108108108108108,0.38390049637736895,0.911958704632467,1.7693092406629187
USA,hhs5,0,bioepi_safe_lstm_common_scale,3,370.0,0.2515197558668965,0.3984407589422918,0.6891171072639054,0.8588529607456739,0.9044067800625555,0.5540540540540541,0.7810810810810811,0.8918918918918919,0.5045998081823808,1.2475120751639797,2.179343318002042
USA,hhs5,0,bioepi_safe_lstm_common_scale,4,370.0,0.2931029555200058,0.4544633245321534,0.7678250860927726,0.8223624366758591,0.8706903076898475,0.5837837837837838,0.7702702702702703,0.9108108108108108,0.675684010917513,1.455237884914019,2.593799320247246
USA,hhs5,0,bioepi_sgq_lstm_no_digital,1,370.0,0.11509755202958137,0.19067358167316553,0.3487097862603067,0.9649070189363703,0.9814356727380197,0.5648648648648649,0.7945945945945946,0.9432432432432433,0.27133136455388335,0.533813522524565,1.1832898185841976
USA,hhs5,0,bioepi_sgq_lstm_no_digital,2,370.0,0.18894030382020244,0.3038326166659102,0.5547883122292809,0.9098469194622009,0.9501065196417243,0.5324324324324324,0.7891891891891892,0.8972972972972973,0.38138241281554053,0.9085137895098787,1.6403827796098718
USA,hhs5,0,bioepi_sgq_lstm_no_digital,3,370.0,0.24655502405315363,0.38907471765715884,0.6824619669504856,0.8625035246428745,0.9124507454005842,0.5243243243243243,0.745945945945946,0.8756756756756757,0.4991356494628416,1.229128974693451,1.9426881363713318
USA,hhs5,0,bioepi_sgq_lstm_no_digital,4,370.0,0.2942369674487294,0.4547423925608094,0.7712399560234094,0.8229825634160806,0.8691376143746139,0.5621621621621622,0.7432432432432432,0.8783783783783784,0.6691405874868069,1.412731697456548,2.3483528863983865
USA,hhs5,0,persistence,1,370.0,0.148481361746006,0.21416763002608374,0.38631621852121156,0.957720550406911,0.9802845380387949,0.5486486486486486,0.8081081081081081,0.9648648648648649,0.22357409895908675,0.7357655764430617,2.121355460744078
USA,hhs5,0,persistence,2,370.0,0.250195030307917,0.3701385497341978,0.6522009312063505,0.8798508662117118,0.9456758711245595,0.5459459459459459,0.7945945945945946,0.9567567567567568,0.36911774013426735,1.1215928402593212,2.87673029238097
USA,hhs5,0,persistence,3,370.0,0.3333719118208129,0.5002149773932474,0.8440850231772214,0.7994480193432466,0.8994163185603591,0.5567567567567567,0.7972972972972973,0.9405405405405406,0.5601765148071018,1.5906841973205479,3.2921478376438906
USA,hhs5,0,persistence,4,370.0,0.40462805123391343,0.6198955377427713,1.0006187789460625,0.7191806270989493,0.8443217657207532,0.5378378378378378,0.8054054054054054,0.927027027027027,0.7523047733120024,1.884987092731282,3.6481973530903034
USA,hhs6,0,bioepi_safe_lstm_common_scale,1,370.0,0.09825296480418477,0.16739713982247698,0.2931127884091772,0.9631049438352741,0.9627365449730843,0.5621621621621622,0.8324324324324325,0.9702702702702702,0.27070451301331594,0.5321034755089888,1.00464401387056
USA,hhs6,0,bioepi_safe_lstm_common_scale,2,370.0,0.15442336867580064,0.2640879189982174,0.4385167272425662,0.916712442351162,0.8967733758345815,0.572972972972973,0.8,0.9405405405405406,0.43790698496235597,0.7975352563923289,1.5263621857978307
USA,hhs6,0,bioepi_safe_lstm_common_scale,3,370.0,0.19138545129531032,0.33034024851864846,0.5157906824399376,0.8839066129264854,0.8378984862187806,0.5432432432432432,0.8135135135135135,0.9567567567567568,0.5078508533236699,1.0295273246539436,1.8607861358565017
USA,hhs6,0,bioepi_safe_lstm_common_scale,4,370.0,0.22061206450298865,0.37526068827103304,0.5633561891989813,0.8575340255464562,0.7757028608386177,0.5945945945945946,0.8243243243243243,0.9459459459459459,0.6484059952146598,1.2936908830799854,2.0855928070372864
USA,hhs6,0,bioepi_sgq_lstm_no_digital,1,370.0,0.10015705392657513,0.16898629510325333,0.2877881188713183,0.9641296248966388,0.9613283653780662,0.581081081081081,0.8216216216216217,0.9675675675675676,0.28172416235389014,0.5403265100503013,1.006673879942591
USA,hhs6,0,bioepi_sgq_lstm_no_digital,2,370.0,0.15732573277641734,0.26604885627708647,0.4444884690684185,0.9122704743350911,0.8956888122097509,0.5756756756756757,0.8027027027027027,0.927027027027027,0.43218205119575337,0.7967414443273086,1.4824869328256902
USA,hhs6,0,bioepi_sgq_lstm_no_digital,3,370.0,0.19835330348113303,0.3361424205760401,0.5468170885330109,0.8650219158579853,0.8389716782721843,0.527027027027027,0.7918918918918919,0.918918918918919,0.49091848336038973,1.0045368443121185,1.7671663133913822
USA,hhs6,0,bioepi_sgq_lstm_no_digital,4,370.0,0.23359273445179113,0.39203342546213094,0.5989300199529038,0.8349640227801147,0.7778610903323282,0.5648648648648649,0.7864864864864864,0.9081081081081082,0.6449274421440874,1.255202304710329,1.9477181800180279
USA,hhs6,0,persistence,1,370.0,0.11759496284050328,0.17986168723413165,0.3029393403373986,0.9608063739429946,0.9690603232250724,0.5837837837837838,0.8324324324324325,0.9567567567567568,0.24402405968068622,0.5895860384203572,1.3939883132215198
USA,hhs6,0,persistence,2,370.0,0.1874762537005562,0.28347537196810296,0.48254691346764694,0.9003602608375793,0.9240987881576929,0.6054054054054054,0.8216216216216217,0.9621621621621622,0.42259824132975754,0.9285770807891626,2.166522000249028
USA,hhs6,0,persistence,3,370.0,0.2435649555504585,0.37946937132903713,0.6133733403789359,0.8387067780878559,0.8684022527556811,0.5891891891891892,0.8081081081081081,0.9567567567567568,0.5566030480316758,1.2755279244600548,2.6369532971603626
USA,hhs6,0,persistence,4,370.0,0.28712967844794673,0.45579823204590614,0.7087166544858343,0.784447267269581,0.8124121886662155,0.6081081081081081,0.8324324324324325,0.9540540540540541,0.6817848876794989,1.6080440230472948,2.962051928073022
USA,hhs7,0,bioepi_safe_lstm_common_scale,1,370.0,0.1146863629342785,0.17366265744223713,0.3361849593738515,0.9562067195044954,0.9715296125788532,0.6324324324324324,0.8783783783783784,0.9675675675675676,0.2577240105825402,0.6137356688403921,1.6996070083791106
USA,hhs7,0,bioepi_safe_lstm_common_scale,2,370.0,0.17681283186541186,0.26633042098943044,0.49316361605411974,0.9035190295660958,0.9361607087331892,0.6675675675675675,0.8594594594594595,0.9405405405405406,0.42020774191995974,0.9532368720450581,2.104832516080196
USA,hhs7,0,bioepi_safe_lstm_common_scale,3,370.0,0.21513698199591877,0.3285084224964574,0.5875281043174755,0.8617238810395983,0.896548076575688,0.6324324324324324,0.8513513513513513,0.9324324324324325,0.5131514040591706,1.160967866589539,2.38187997830019
USA,hhs7,0,bioepi_safe_lstm_common_scale,4,370.0,0.24158476957379496,0.3788520286303305,0.6502054166937575,0.8275157813436187,0.8702198089220639,0.6216216216216216,0.8405405405405405,0.9540540540540541,0.5961705716142488,1.3622139460242397,2.7260912601893432
USA,hhs7,0,bioepi_sgq_lstm_no_digital,1,370.0,0.1148675430732379,0.17559126446683435,0.3366917295358417,0.9562774136633844,0.9723429168436072,0.6135135135135135,0.8810810810810811,0.9567567567567568,0.25644725451873707,0.6114648376636616,1.6141269938268565
USA,hhs7,0,bioepi_sgq_lstm_no_digital,2,370.0,0.17329005752633192,0.25957145315500524,0.4915754681505526,0.9044257857629203,0.9472126916213431,0.6459459459459459,0.8756756756756757,0.9297297297297298,0.40896454500919066,0.9264855970510982,1.914344735592753
USA,hhs7,0,bioepi_sgq_lstm_no_digital,3,370.0,0.20858003944579087,0.31796813540411883,0.5737434635413748,0.868101443460957,0.9122294735732379,0.6162162162162163,0.8513513513513513,0.918918918918919,0.49744690239198364,1.1069306617241765,2.13891367471906
USA,hhs7,0,bioepi_sgq_lstm_no_digital,4,370.0,0.23915732967707534,0.36598657265344897,0.6372159976433986,0.8347310859752449,0.8755649213081333,0.6324324324324324,0.8351351351351352,0.927027027027027,0.5864924953331302,1.283256327944957,2.3857363592717875
USA,hhs7,0,persistence,1,370.0,0.13569911327082973,0.1903732137872612,0.3673090176500755,0.9488914888575478,0.9720984280579311,0.6162162162162163,0.8486486486486486,0.9783783783783784,0.22534533366367845,0.6832262872443876,2.2454316663845697
USA,hhs7,0,persistence,2,370.0,0.21279984574294933,0.3114028502394223,0.5803561348793503,0.8722754203964571,0.936473900762902,0.6189189189189189,0.8243243243243243,0.972972972972973,0.3584584408602119,0.9711572393337685,2.624348537305135
USA,hhs7,0,persistence,3,370.0,0.2719021675813551,0.3998962242937454,0.7325065129552711,0.7963666571631858,0.8861722283719522,0.6135135135135135,0.8351351351351352,0.9621621621621622,0.46284035042160626,1.367193659573144,3.0105856161507685
USA,hhs7,0,persistence,4,370.0,0.33003938995061394,0.4901165582320537,0.8689396518483736,0.7135292923714281,0.8255231367058333,0.6270270270270271,0.8324324324324325,0.9513513513513514,0.6244489052475374,1.7134513703629661,3.2595675918922637
USA,hhs8,0,bioepi_safe_lstm_common_scale,1,370.0,0.13832462815005778,0.22267069541759632,0.4258971536695052,0.9772946429661222,0.9829933411157527,0.5027027027027027,0.7972972972972973,0.972972972972973,0.2737842488801696,0.682066757244861,1.674981793197677
USA,hhs8,0,bioepi_safe_lstm_common_scale,2,370.0,0.23673053242057368,0.36024921195612186,0.7081181589031845,0.9360471726780804,0.9591452605718597,0.572972972972973,0.7891891891891892,0.9405405405405406,0.4113732483732298,1.041219616650472,2.1730090932190658
USA,hhs8,0,bioepi_safe_lstm_common_scale,3,370.0,0.301734015959981,0.4700686713370613,0.9016914192178179,0.8940850187728565,0.9236448729315733,0.5405405405405406,0.8675675675675676,0.9405405405405406,0.4864159351074108,1.8054590113337652,3.0211806146371107
USA,hhs8,0,bioepi_safe_lstm_common_scale,4,370.0,0.36428842317182986,0.5705677825315201,1.0469544499034444,0.8540688316110036,0.8818455823517949,0.5378378378378378,0.8702702702702703,0.9243243243243243,0.6695405079259147,2.284197496480082,3.3162183995284926
USA,hhs8,0,bioepi_sgq_lstm_no_digital,1,370.0,0.13985385843783457,0.22395452730546933,0.4279407339655838,0.9769914635846626,0.9830295879996753,0.527027027027027,0.8,0.9675675675675676,0.2768382337306264,0.68823141752193,1.702071964990203
USA,hhs8,0,bioepi_sgq_lstm_no_digital,2,370.0,0.23818187622022927,0.3658615231389759,0.7111714777852289,0.9351052706085095,0.9584963702773184,0.5432432432432432,0.7891891891891892,0.9351351351351351,0.41122368928821645,1.0454276178659136,2.1707835894471383
USA,hhs8,0,bioepi_sgq_lstm_no_digital,3,370.0,0.30610360076813925,0.4814539366995715,0.9048988794256908,0.8924362484769731,0.9216745112741431,0.4972972972972973,0.827027027027027,0.9324324324324325,0.48154178074443005,1.8040426229634603,2.9343289548083455
USA,hhs8,0,bioepi_sgq_lstm_no_digital,4,370.0,0.3662301956522904,0.577439485748319,1.0436196240324815,0.853894831704594,0.8817704825988305,0.5162162162162162,0.8486486486486486,0.9135135135135135,0.6916151321177019,2.292176501698934,3.2528471086987008
USA,hhs8,0,persistence,1,370.0,0.16298489132340038,0.23856174366363372,0.45449442288772457,0.9745187152706064,0.9814593635118255,0.6,0.8594594594594595,0.981081081081081,0.31323368491555426,1.1455269592198516,2.398552919247295
USA,hhs8,0,persistence,2,370.0,0.2720242854103446,0.4100975652921712,0.7708367109391954,0.9265028453296882,0.9486102103681486,0.5486486486486486,0.8351351351351352,0.9756756756756757,0.45136601535425114,1.7105331166487292,3.4507909269995474
USA,hhs8,0,persistence,3,370.0,0.3576415939740983,0.5575473742623748,1.0034220605762496,0.8750695292921261,0.9031525904972751,0.5756756756756757,0.8351351351351352,0.9702702702702702,0.6218632683376807,2.1303226686319054,4.241476199626787
USA,hhs8,0,persistence,4,370.0,0.4299997838186795,0.6850267772083038,1.194317733874734,0.8223016954943629,0.8459111797353859,0.5594594594594594,0.8405405405405405,0.9675675675675676,0.8486702866471009,2.448059261629194,4.647968619154738
USA,hhs9,0,bioepi_safe_lstm_common_scale,1,370.0,0.11496458976594882,0.19717954886562852,0.3061281995813478,0.9735666294632759,0.9841480294310483,0.4648648648648649,0.8729729729729729,0.972972972972973,0.2750842690723142,0.7634611762786504,1.505000114713386
USA,hhs9,0,bioepi_safe_lstm_common_scale,2,370.0,0.1979392731788503,0.3295597520453598,0.5071598588551185,0.9252370158266376,0.9564101607359775,0.4783783783783784,0.8108108108108109,0.9594594594594594,0.4550057266196007,1.298824408635743,2.36117742514178
USA,hhs9,0,bioepi_safe_lstm_common_scale,3,370.0,0.25747340619079306,0.42360331174749666,0.635853944135405,0.8829295912428367,0.921010458884366,0.45675675675675675,0.7810810810810811,0.9432432432432433,0.5672656840706167,1.6969894585863328,2.9414783081847076
USA,hhs9,0,bioepi_safe_lstm_common_scale,4,370.0,0.305170285950845,0.494892717021215,0.7382617356337291,0.8471409073522169,0.8800325274324354,0.44594594594594594,0.8054054054054054,0.9324324324324325,0.693015198508436,2.0702762584154906,3.6156140146450757
USA,hhs9,0,bioepi_sgq_lstm_no_digital,1,370.0,0.11653891793114333,0.20217804642182524,0.3114154247925432,0.9728481916603386,0.9832527550889263,0.46756756756756757,0.8648648648648649,0.9648648648648649,0.27375169696331825,0.7589462912467899,1.4838750446803524
USA,hhs9,0,bioepi_sgq_lstm_no_digital,2,370.0,0.19587040253230334,0.3256965669850555,0.5055775701507255,0.9261793006002378,0.9568079288281773,0.4864864864864865,0.8243243243243243,0.9540540540540541,0.4436192942056022,1.2834659214455975,2.383451769492088
USA,hhs9,0,bioepi_sgq_lstm_no_digital,3,370.0,0.2557149409072253,0.41908780910413324,0.6337334318500526,0.8848983862639589,0.922109710788956,0.46756756756756757,0.7945945945945946,0.9297297297297298,0.5669196819579583,1.708032238699178,2.8803488043635714
USA,hhs9,0,bioepi_sgq_lstm_no_digital,4,370.0,0.3036664851787727,0.485322295681691,0.7372631454824116,0.8489459205513894,0.8853638991696975,0.4810810810810811,0.8,0.9135135135135135,0.6907578669400299,2.0448198313975903,3.562714501940835
USA,hhs9,0,persistence,1,370.0,0.14005436666914134,0.20906820120886996,0.32760870745511617,0.9705160829355359,0.9824477425950044,0.5054054054054054,0.8432432432432433,0.9648648648648649,0.2644695042030058,0.8735372625379995,2.4617825541725864
USA,hhs9,0,persistence,2,370.0,0.24248417477231418,0.36794132772593063,0.5589334387864826,0.9134687193146189,0.9477426542313795,0.5351351351351351,0.8432432432432433,0.9594594594594594,0.5522710851759863,1.5913127639639488,3.6035278261034147
USA,hhs9,0,persistence,3,370.0,0.3223919057931874,0.49660285048514785,0.7315466066814503,0.8527652465725923,0.9008211814470443,0.5891891891891892,0.8648648648648649,0.9540540540540541,0.8561218346225283,2.254205303391769,4.334119792646217
USA,hhs9,0,persistence,4,370.0,0.3812373363421307,0.6130664589457849,0.8902688879928982,0.7878118402811621,0.8481850202052688,0.5108108108108108,0.8837837837837837,0.9648648648648649,0.8652894200719595,2.7327020280803764,4.8629118781038585
